NO,ID POOLING ORDER,BUSSINES SEGMENT,ORGANIZATION,BOOKING DATE,NO JOB ORDER,NO FO,CUSTOMER NAME,SAT (SERVICE AGREEMENT TYPE),CONSIGNE,SALES PRODUCT,ESTIMATE REQ DLV DATE,PRODUCT,ATTACHMENT,CONTAINER TYPE,QUANTITY,FREIGHT TYPE,TRANSPORT TYPE,PICK UP LOCATION,ADDRESS LOADING POINT,ORIGIN,DROP OF LOCATION,ADDRESS UNLOADING POINT,DESTINATION,COMMERCIAL ROUTE,SQ NUMBER,DATE CONFIRM,CONFIRMED QTY,TOTAL MISSED,REASON MISSED,STATUS POOLING,PIC NAME,UPLOAD DOCUMENT,,
1,SM-D000001,ILS,Tanah Merdeka Petra - Sinarmas,29/06/2026 9:00,TESTING,,INDAH KIAT PULP & PAPER TBK.,REGULER TRIP BASIS ( RTB),INDAH KIAT PULP & PAPER TBK.,CNTD40FT-RTB,30/06/2026 13:00,CNTD40FT,,40FT,1,EXPORT,FULL TRUCKING LOAD (EXP - IMP),PT. Indah Kiat Pulp & Paper - Karawang,,,UTC,,,KARAWANG - TANJUNG PRIOK (IKK)  - 0 - 160,PTR.SQ.1001288,29/06/2026 9:00,1,,,CONFIRM,BADRUS SOLEH,, PTR.SO.1044522,PTR.CDO1087834
2,SM-D000002,ILS,Tanah Merdeka Petra - Sinarmas,29/06/2026 9:00,TESTING 2,,INDAH KIAT PULP & PAPER TBK.,REGULER TRIP BASIS ( RTB),INDAH KIAT PULP & PAPER TBK.,CNTD40FT(2x20)-RTB,30/06/2026 13:00,CNTD20FT,,40FT,1,EXPORT,FULL TRUCKING LOAD (EXP - IMP),PT. Indah Kiat Pulp & Paper - Karawang,,,UTC,,,KARAWANG - DEPO PRIOK (OPEN CY) - 0 - 160,PTR.SQ.1001288,29/06/2026 9:00,1,,,CONFIRM,BADRUS SOLEH,,PTR.SO.1044528,PTR.CDO1087855
3,SM-D000003,ILS,Tanah Merdeka Petra - Sinarmas,29/06/2026 19:17,SI DO DN F1O0000467 - 272724662,,INDAH KIAT PULP & PAPER TBK.,REGULER TRIP BASIS ( RTB),INDAH KIAT PULP & PAPER TBK.,CNTD40FT-DTB,29/06/2026 19:17,CNTD40FT,,40FT,7,EXPORT,FULL TRUCKING LOAD (EXP - IMP),PT. Indah Kiat Pulp & Paper - Karawang,,,BSA,,,KARAWANG - CAKUNG (FULL)  - 0 - 160,PTR.SQ.1001288,29/06/2026 19:17,7,,,CONFIRM,BADRUS SOLEH,,PTR.SO.1044538,PTR.CDO1087868-PTR.CDO1087874
4,SM-D000004,ILS,Tanah Merdeka Petra - Sinarmas,29/06/2026 22:42,SI DO F1O0000162 - 080600290866,,INDAH KIAT PULP & PAPER TBK.,REGULER TRIP BASIS ( RTB),INDAH KIAT PULP & PAPER TBK.,CNTD40FT-DTB,29/06/2026 22:43,CNTD40FT,,40FT,8,EXPORT,FULL TRUCKING LOAD (EXP - IMP),PT. Indah Kiat Pulp & Paper - Karawang,,,BSA,,,KARAWANG - CAKUNG (FULL)  - 0 - 160,PTR.SQ.1001288,29/06/2026 23:11,8,,,CONFIRM,ABIMANYU PUTRA,,PTR.SO.1044538,PTR.CDO1087875-PTR.CDO1087882
5,SM-D000005,ILS,Tanah Merdeka Petra - Sinarmas,30/06/2026 15:24,SI DO : F1O0000391 - 2330851270,,INDAH KIAT PULP & PAPER TBK.,REGULER TRIP BASIS ( RTB),INDAH KIAT PULP & PAPER TBK.,CNTD40FT-DTB,01/07/2026 8:00,CNTD40FT,,40FT,15,EXPORT,FULL TRUCKING LOAD (EXP - IMP),PT. Indah Kiat Pulp & Paper - Karawang,,,BSA,,,KARAWANG - CAKUNG (FULL)  - 0 - 160,PTR.SQ.1001288,30/06/2026 15:24,15,,,CONFIRM,BADRUS SOLEH,,PTR.SO.1044538,PTR.CDO1088058-PTR.CDO1088072
6,SM-D000006,ILS,Tanah Merdeka Petra - Sinarmas,01/07/2026 15:02,SI DO : F1O0000352 - 272368172,,INDAH KIAT PULP & PAPER TBK.,REGULER TRIP BASIS ( RTB),INDAH KIAT PULP & PAPER TBK.,CNTD40FT-DTB,01/07/2026 20:00,CNTD40FT,,40FT,5,EXPORT,FULL TRUCKING LOAD (EXP - IMP),PT. Indah Kiat Pulp & Paper - Karawang,,,BSA,,,KARAWANG - CAKUNG (FULL)  - 0 - 160,PTR.SQ.1001288,01/07/2026 15:02,5,,,CANCEL,M. SANDI PRAWIRA,,,
7,SM-D000007,ILS,Tanah Merdeka Petra - Sinarmas,02/07/2026 21:32,F1O0000447,,INDAH KIAT PULP & PAPER TBK.,REGULER TRIP BASIS ( RTB),INDAH KIAT PULP & PAPER TBK.,CNTD40FT-DTB,02/07/2026 10:00,CNTD40FT,,40FT,7,EXPORT,FULL TRUCKING LOAD (EXP - IMP),BSA,,,NPCT 1,,,BSA - TANJUNG PRIOK (REPO FULL),PTR.SQ.1001288,02/07/2026 10:00,7,,,CONFIRM,M. SANDI PRAWIRA,,,
8,SM-D000008,ILS,Tanah Merdeka Petra - Sinarmas,02/07/2026 21:32,F1O0000446,,INDAH KIAT PULP & PAPER TBK.,REGULER TRIP BASIS ( RTB),INDAH KIAT PULP & PAPER TBK.,CNTD40FT-DTB,02/07/2026 10:00,CNTD40FT,,40FT,14,EXPORT,FULL TRUCKING LOAD (EXP - IMP),BSA,,,NPCT 1,,,BSA - TANJUNG PRIOK (REPO FULL),PTR.SQ.1001288,02/07/2026 10:00,14,,,CONFIRM,M. SANDI PRAWIRA,,,
9,SM-D000009,ILS,Tanah Merdeka Petra - Sinarmas,03/07/2026 11:00,271073530 / F1O0000200,,INDAH KIAT PULP & PAPER TBK.,REGULER TRIP BASIS ( RTB),INDAH KIAT PULP & PAPER TBK.,CNTD40FT-DTB,03/07/2026 11:00,CNTD40FT,,40FT,4,EXPORT,FULL TRUCKING LOAD (EXP - IMP),BSA,,,NPCT 1,,,BSA - TANJUNG PRIOK (REPO FULL),PTR.SQ.1001288,03/07/2026 11:00,4,,,CONFIRM,M. SANDI PRAWIRA,,,
10,SM-D000010,ILS,Tanah Merdeka Petra - Sinarmas,03/07/2026 11:00,271319106 / F1O0000204,,INDAH KIAT PULP & PAPER TBK.,REGULER TRIP BASIS ( RTB),INDAH KIAT PULP & PAPER TBK.,CNTD40FT-DTB,03/07/2026 20:00,CNTD40FT,,40FT,1,EXPORT,FULL TRUCKING LOAD (EXP - IMP),BSA,,,NPCT 1,,,BSA - TANJUNG PRIOK (REPO FULL),PTR.SQ.1001288,03/07/2026 11:00,1,,,CONFIRM,M. SANDI PRAWIRA,,,
11,SM-D000011,ILS,Tanah Merdeka Petra - Sinarmas,03/07/2026 11:00,272228543 / F1O0000300,,INDAH KIAT PULP & PAPER TBK.,REGULER TRIP BASIS ( RTB),INDAH KIAT PULP & PAPER TBK.,CNTD40FT-DTB,03/07/2026 20:00,CNTD40FT,,40FT,2,EXPORT,FULL TRUCKING LOAD (EXP - IMP),BSA,,,NPCT 1,,,BSA - TANJUNG PRIOK (REPO FULL),PTR.SQ.1001288,03/07/2026 11:00,2,,,CONFIRM,M. SANDI PRAWIRA,,,
12,SM-D000012,ILS,Tanah Merdeka Petra - Sinarmas,03/07/2026 11:00,272228669 / F1O0000302,,INDAH KIAT PULP & PAPER TBK.,REGULER TRIP BASIS ( RTB),INDAH KIAT PULP & PAPER TBK.,CNTD40FT-DTB,03/07/2026 20:00,CNTD40FT,,40FT,2,EXPORT,FULL TRUCKING LOAD (EXP - IMP),BSA,,,NPCT 1,,,BSA - TANJUNG PRIOK (REPO FULL),PTR.SQ.1001288,03/07/2026 11:00,2,,,CONFIRM,M. SANDI PRAWIRA,,,
13,SM-D000013,ILS,Tanah Merdeka Petra - Sinarmas,03/07/2026 11:00,272228891 / F1O0000306,,INDAH KIAT PULP & PAPER TBK.,REGULER TRIP BASIS ( RTB),INDAH KIAT PULP & PAPER TBK.,CNTD40FT-DTB,03/07/2026 20:00,CNTD40FT,,40FT,2,EXPORT,FULL TRUCKING LOAD (EXP - IMP),BSA,,,NPCT 1,,,BSA - TANJUNG PRIOK (REPO FULL),PTR.SQ.1001288,03/07/2026 11:00,2,,,CONFIRM,M. SANDI PRAWIRA,,,
14,SM-D000014,ILS,Tanah Merdeka Petra - Sinarmas,03/07/2026 11:00,270971463 / F1O0000404,,INDAH KIAT PULP & PAPER TBK.,REGULER TRIP BASIS ( RTB),INDAH KIAT PULP & PAPER TBK.,CNTD40FT-DTB,03/07/2026 20:00,CNTD40FT,,40FT,1,EXPORT,FULL TRUCKING LOAD (EXP - IMP),BSA,,,NPCT 1,,,BSA - TANJUNG PRIOK (REPO FULL),PTR.SQ.1001288,03/07/2026 11:00,1,,,CONFIRM,M. SANDI PRAWIRA,,,
15,SM-D000015,ILS,Tanah Merdeka Petra - Sinarmas,03/07/2026 16:00,272228407 / F1O0000299,,INDAH KIAT PULP & PAPER TBK.,REGULER TRIP BASIS ( RTB),INDAH KIAT PULP & PAPER TBK.,CNTD40FT-DTB,03/07/2026 20:00,CNTD40FT,,40FT,2,EXPORT,FULL TRUCKING LOAD (EXP - IMP),BSA,,,NPCT 1,,,BSA - TANJUNG PRIOK (REPO FULL),PTR.SQ.1001288,03/07/2026 11:00,2,,,CONFIRM,M. SANDI PRAWIRA,,,
16,SM-D000016,ILS,Tanah Merdeka Petra - Sinarmas,03/07/2026 16:00,272289727 / F1O0000380,,INDAH KIAT PULP & PAPER TBK.,REGULER TRIP BASIS ( RTB),INDAH KIAT PULP & PAPER TBK.,CNTD40FT-DTB,03/07/2026 20:00,CNTD40FT,,40FT,12,EXPORT,FULL TRUCKING LOAD (EXP - IMP),BSA,,,NPCT 1,,,BSA - TANJUNG PRIOK (REPO FULL),PTR.SQ.1001288,03/07/2026 11:00,12,,,CONFIRM,M. SANDI PRAWIRA,,,
17,SM-D000017,ILS,Tanah Merdeka Petra - Sinarmas,03/07/2026 20:00,2331835350 / F1O0000399,,INDAH KIAT PULP & PAPER TBK.,REGULER TRIP BASIS ( RTB),INDAH KIAT PULP & PAPER TBK.,CNTD40FT-DTB,04/07/2026 20:00,CNTD40FT,,40FT,12,EXPORT,FULL TRUCKING LOAD (EXP - IMP),BSA,,,PELINDO/ TERMINAL 3,,,BSA - TANJUNG PRIOK (REPO FULL),PTR.SQ.1001288,03/07/2026 20:00,12,,,CONFIRM,M. SANDI PRAWIRA,,,
18,SM-D000018,ILS,Tanah Merdeka Petra - Sinarmas,03/07/2026 20:00,2331832880 / F1O0000398,,INDAH KIAT PULP & PAPER TBK.,REGULER TRIP BASIS ( RTB),INDAH KIAT PULP & PAPER TBK.,CNTD40FT-DTB,04/07/2026 20:00,CNTD40FT,,40FT,24,EXPORT,FULL TRUCKING LOAD (EXP - IMP),BSA,,,NPCT 1,,,BSA - TANJUNG PRIOK (REPO FULL),PTR.SQ.1001288,03/07/2026 20:00,24,,,CONFIRM,M. SANDI PRAWIRA,,,
19,SM-D000019,ILS,Tanah Merdeka Petra - Sinarmas,05/07/2026 13:00,F1O0000370,,INDAH KIAT PULP & PAPER TBK.,REGULER TRIP BASIS ( RTB),INDAH KIAT PULP & PAPER TBK.,CNTD40FT-DTB,05/07/2026 20:00,CNTD40FT,,40FT,4,EXPORT,FULL TRUCKING LOAD (EXP - IMP),BSA,,,MAL/T300,,,BSA - TANJUNG PRIOK (REPO FULL),PTR.SQ.1001288,05/07/2026 13:00,4,,,CONFIRM,M. SANDI PRAWIRA,,,
20,SM-D000020,ILS,Tanah Merdeka Petra - Sinarmas,06/07/2026 16:00,2332412473 / F1O0000451,,INDAH KIAT PULP & PAPER TBK.,REGULER TRIP BASIS ( RTB),INDAH KIAT PULP & PAPER TBK.,CNTD40FT-DTB,08/07/2026 10:00,CNTD40FT,,40FT,5,EXPORT,FULL TRUCKING LOAD (EXP - IMP),BSA,,,UTC,,,BSA - TANJUNG PRIOK (REPO FULL),PTR.SQ.1001288,06/07/2026 16:00,5,,,CONFIRM,M. SANDI PRAWIRA,,,
21,SM-D000021,ILS,Tanah Merdeka Petra - Sinarmas,06/07/2026 16:00,2332412473 / F1O0000451,,INDAH KIAT PULP & PAPER TBK.,REGULER TRIP BASIS ( RTB),INDAH KIAT PULP & PAPER TBK.,CNTD40FT-DTB,08/07/2026 10:00,CNTD40FT,,40FT,15,EXPORT,FULL TRUCKING LOAD (EXP - IMP),BSA,,,UTC,,,BSA - TANJUNG PRIOK (REPO FULL),PTR.SQ.1001288,06/07/2026 16:00,15,,,CONFIRM,M. SANDI PRAWIRA,,,
22,SM-D000022,ILS,Tanah Merdeka Petra - Sinarmas,07/07/2026 16:20,SI DO DN F1O0000514 - 272698227,,INDAH KIAT PULP & PAPER TBK.,REGULER TRIP BASIS ( RTB),INDAH KIAT PULP & PAPER TBK.,CNTD40FT-DTB,07/07/2026 20:00,CNTD40FT,,40FT,10,EXPORT,FULL TRUCKING LOAD (EXP - IMP),PT. Indah Kiat Pulp & Paper - Karawang,,,,,,KARAWANG - CAKUNG (FULL) ,PTR.SQ.1001288,07/07/2026 16:20:,10,,,CONFIRM,M. SANDI PRAWIRA,,,
23,SM-D000023,ILS,Tanah Merdeka Petra - Sinarmas,07/07/2026 16:20,SI DO DN F1O0000514 - 272698227,,INDAH KIAT PULP & PAPER TBK.,REGULER TRIP BASIS ( RTB),INDAH KIAT PULP & PAPER TBK.,CNTD40FT-DTB,07/07/2026 20:00,CNTD40FT,,40FT,1,EXPORT,FULL TRUCKING LOAD (EXP - IMP),PT. Indah Kiat Pulp & Paper - Karawang,,,UTC,,,KARAWANG - CAKUNG (FULL) ,PTR.SQ.1001288,07/07/2026 16:20:,1,,,CONFIRM,M. SANDI PRAWIRA,TESTING,,
24,SM-D000024,ILS,Tanah Merdeka Petra - Sinarmas,08/07/2026 9:20,SI DO DN F1O0000514 - 272698227,,INDAH KIAT PULP & PAPER TBK.,REGULER TRIP BASIS ( RTB),INDAH KIAT PULP & PAPER TBK.,CNTD40FT-DTB,08/07/2026 9:20,CNTD40FT,,40FT,4,EXPORT,FULL TRUCKING LOAD (EXP - IMP),PT. Indah Kiat Pulp & Paper - Karawang,,,,,,KARAWANG - CAKUNG (FULL) ,PTR.SQ.1001288,08/07/2026 9:20,4,,,CONFIRM,M. SANDI PRAWIRA,,,
25,SM-D000025,ILS,Tanah Merdeka Petra - Sinarmas,08/07/2026 14:30,SI DO : F1O0000416 - 272392838,,INDAH KIAT PULP & PAPER TBK.,REGULER TRIP BASIS ( RTB),INDAH KIAT PULP & PAPER TBK.,CNTD40FT-DTB,08/07/2026 21:30,CNTD40FT,,40FT,3,EXPORT,FULL TRUCKING LOAD (EXP - IMP),PT. Indah Kiat Pulp & Paper - Karawang,,,NPCT 1,,,KARAWANG - CAKUNG (FULL) ,PTR.SQ.1001288,08/07/2026 14:30,3,,,CONFIRM,M. SANDI PRAWIRA,,,
26,SM-D000026,ILS,Tanah Merdeka Petra - Sinarmas,08/07/2026 15:43,SI DO : F1O0000424 - 2332332763,,INDAH KIAT PULP & PAPER TBK.,REGULER TRIP BASIS ( RTB),INDAH KIAT PULP & PAPER TBK.,CNTD40FT-DTB,08/07/2026 21:30,CNTD40FT,,40FT,2,EXPORT,FULL TRUCKING LOAD (EXP - IMP),PT. Indah Kiat Pulp & Paper - Karawang,,,koja,,,BSA - TANJUNG PRIOK (REPO FULL),PTR.SQ.1001288,08/07/2026 15:43,2,,,,M. SANDI PRAWIRA,,,
27,SM-D000027,ILS,Tanah Merdeka Petra - Sinarmas,08/07/2026 15:43,SI DO : F1O0000267 - 2332569520,,INDAH KIAT PULP & PAPER TBK.,REGULER TRIP BASIS ( RTB),INDAH KIAT PULP & PAPER TBK.,CNTD40FT-DTB,08/07/2026 21:30,CNTD40FT,,40FT,4,EXPORT,FULL TRUCKING LOAD (EXP - IMP),PT. Indah Kiat Pulp & Paper - Karawang,,,koja,,,BSA - TANJUNG PRIOK (REPO FULL),PTR.SQ.1001288,08/07/2026 15:43,4,,,,M. SANDI PRAWIRA,,,
28,SM-D000029,ILS,Tanah Merdeka Petra - Sinarmas,09/07/2026 11:43,SI DO : F1O0000390 - 272849708,,INDAH KIAT PULP & PAPER TBK.,REGULER TRIP BASIS ( RTB),INDAH KIAT PULP & PAPER TBK.,CNTD40FT-DTB,09/07/2026 11:43,CNTD40FT,,40FT,11,EXPORT,FULL TRUCKING LOAD (EXP - IMP),PT. Indah Kiat Pulp & Paper - Karawang,,,NPCT 1,,,KARAWANG - CAKUNG (FULL) ,PTR.SQ.1001288,09/07/2026 11:43,11,,,,M. SANDI PRAWIRA,,,
29,SM-D000030,ILS,Tanah Merdeka Petra - Sinarmas,09/07/2026 14:20,SI DO : F1O0000415 - 272455595,,INDAH KIAT PULP & PAPER TBK.,REGULER TRIP BASIS ( RTB),INDAH KIAT PULP & PAPER TBK.,CNTD40FT-DTB,11/07/2026 11:00,CNTD40FT,,40FT,9,EXPORT,FULL TRUCKING LOAD (EXP - IMP),PT. Indah Kiat Pulp & Paper - Karawang,,KARAWANG,NPCT 1,,,KARAWANG - CAKUNG (FULL) ,PTR.SQ.1001288,09/07/2026 14:20,9,,,CONFIRM,M. SANDI PRAWIRA,,,
30,SM-D000031,ILS,Tanah Merdeka Petra - Sinarmas,09/07/2026 14:20,SI DO : F1O0000415 - 272455595,,INDAH KIAT PULP & PAPER TBK.,REGULER TRIP BASIS ( RTB),INDAH KIAT PULP & PAPER TBK.,CNTD40FT-DTB,11/07/2026 11:00,CNTD40FT,,40FT,2,EXPORT,FULL TRUCKING LOAD (EXP - IMP),PT. Indah Kiat Pulp & Paper - Karawang,,KARAWANG,NPCT 1,,,KARAWANG - CAKUNG (FULL) ,PTR.SQ.1001288,09/07/2026 14:20,2,,,CONFIRM,M. SANDI PRAWIRA,,,
31,SM-D000032,ILS,Tanah Merdeka Petra - Sinarmas,10/07/2026 14:34,SI DO : F1O0000508 - 862IJP0031194,,INDAH KIAT PULP & PAPER TBK.,REGULER TRIP BASIS ( RTB),INDAH KIAT PULP & PAPER TBK.,CNTD40FT-DTB,11/07/2026 11:00,CNTD40FT,,40FT,8,EXPORT,FULL TRUCKING LOAD (EXP - IMP),PT. Indah Kiat Pulp & Paper - Karawang,,KARAWANG,koja,,,KARAWANG - CAKUNG (FULL) ,PTR.SQ.1001288,10/07/2026 14:34,8,,,CONFIRM,M. SANDI PRAWIRA,,,
32,SM-D000033,ILS,Tanah Merdeka Petra - Sinarmas,10/07/2026 14:34,SI DO : F1O0000283 - EBKG17320391,,INDAH KIAT PULP & PAPER TBK.,REGULER TRIP BASIS ( RTB),INDAH KIAT PULP & PAPER TBK.,CNTD40FT-DTB,12/07/2026 10:00,CNTD40FT,,40FT,4,REPO EXPORT,FULL TRUCKING LOAD (EXP - IMP),BSA,,CAKUNG,koja,,,BSA - TANJUNG PRIOK (REPO FULL),PTR.SQ.1001288,10/07/2026 14:34,4,,,CONFIRM,M. SANDI PRAWIRA,,,
33,SM-D000034,ILS,Tanah Merdeka Petra - Sinarmas,10/07/2026 14:34,SI DO : F1O0000288 - EBKG17320139,,INDAH KIAT PULP & PAPER TBK.,REGULER TRIP BASIS ( RTB),INDAH KIAT PULP & PAPER TBK.,CNTD40FT-DTB,12/07/2026 10:00,CNTD40FT,,40FT,3,REPO EXPORT,FULL TRUCKING LOAD (EXP - IMP),BSA,,CAKUNG,koja,,,BSA - TANJUNG PRIOK (REPO FULL),PTR.SQ.1001288,10/07/2026 14:34,3,,,CONFIRM,M. SANDI PRAWIRA,,,
34,SM-D000035,ILS,Tanah Merdeka Petra - Sinarmas,10/07/2026 14:34,SI DO : F1O0000426 - 2332332764,,INDAH KIAT PULP & PAPER TBK.,REGULER TRIP BASIS ( RTB),INDAH KIAT PULP & PAPER TBK.,CNTD40FT-DTB,13/07/2026 5:00,CNTD40FT,,40FT,4,REPO EXPORT,FULL TRUCKING LOAD (EXP - IMP),BSA,,CAKUNG,koja,,,BSA - TANJUNG PRIOK (REPO FULL),PTR.SQ.1001288,10/07/2026 14:34,4,,,CONFIRM,M. SANDI PRAWIRA,,,
35,SM-D000036,ILS,Tanah Merdeka Petra - Sinarmas,10/07/2026 14:34,SI DO : F1O0000491 - 2332772100,,INDAH KIAT PULP & PAPER TBK.,REGULER TRIP BASIS ( RTB),INDAH KIAT PULP & PAPER TBK.,CNTD40FT-DTB,13/07/2026 5:00,CNTD40FT,,40FT,9,REPO EXPORT,FULL TRUCKING LOAD (EXP - IMP),BSA,,CAKUNG,koja,,,BSA - TANJUNG PRIOK (REPO FULL),PTR.SQ.1001288,10/07/2026 14:34,9,,,CONFIRM,M. SANDI PRAWIRA,,,
36,SM-D000037,ILS,Tanah Merdeka Petra - Sinarmas,10/07/2026 14:34,SI DO: F1O0000492 - 2332772200,,INDAH KIAT PULP & PAPER TBK.,REGULER TRIP BASIS ( RTB),INDAH KIAT PULP & PAPER TBK.,CNTD40FT-DTB,13/07/2026 5:00,CNTD40FT,,40FT,3,REPO EXPORT,FULL TRUCKING LOAD (EXP - IMP),BSA,,CAKUNG,koja,,,BSA - TANJUNG PRIOK (REPO FULL),PTR.SQ.1001288,10/07/2026 14:34,3,,,CONFIRM,M. SANDI PRAWIRA,,,
37,SM-D000038,ILS,Tanah Merdeka Petra - Sinarmas,12/07/2026 11:34,SI DO : F1O0000425  - 2332332761,,INDAH KIAT PULP & PAPER TBK.,REGULER TRIP BASIS ( RTB),INDAH KIAT PULP & PAPER TBK.,CNTD40FT-DTB,13/07/2026 5:00,CNTD40FT,,40FT,4,REPO EXPORT,FULL TRUCKING LOAD (EXP - IMP),BSA,,CAKUNG,koja,,,BSA - TANJUNG PRIOK (REPO FULL),PTR.SQ.1001288,12/07/2026 11:34,4,,,CONFIRM,M. SANDI PRAWIRA,,,
38,SM-D000039,ILS,Tanah Merdeka Petra - Sinarmas,10/07/2026 16:32,SI DO : F1O0000434 - 2331652232,,INDAH KIAT PULP & PAPER TBK.,REGULER TRIP BASIS ( RTB),INDAH KIAT PULP & PAPER TBK.,CNTD40FT-DTB,13/07/2026 10:00,CNTD40FT,,40FT,19,EXPORT,FULL TRUCKING LOAD (EXP - IMP),GFC,,CAKUNG,UTC,,,KARAWANG - CAKUNG (FULL) ,PTR.SQ.1001288,10/07/2026 16:32,19,,,CONFIRM,M. SANDI PRAWIRA,,,
39,SM-D000046,ILS,Tanah Merdeka Petra - Sinarmas,13/07/2026 14:35,SI DO DN F1O0000469 - 272575414,,INDAH KIAT PULP & PAPER TBK.,REGULER TRIP BASIS ( RTB),INDAH KIAT PULP & PAPER TBK.,CNTD40FT-RTB,13/07/2026 16:00,CNTD40FT,,40FT,3,EXPORT,FULL TRUCKING LOAD (EXP - IMP),PT. Indah Kiat Pulp & Paper - Karawang,,KARAWANG,NPCT 1,,,KARAWANG - CAKUNG (FULL)  - 0 - 160,PTR.SQ.1001288,13/07/2026 14:35,3,,,CONFIRM,M. SANDI PRAWIRA,,,
40,SM-D000047,ILS,Tanah Merdeka Petra - Sinarmas,13/07/2026 17:12,SI DO DN F1O0000468 - 272386832,,INDAH KIAT PULP & PAPER TBK.,REGULER TRIP BASIS ( RTB),INDAH KIAT PULP & PAPER TBK.,CNTD40FT-RTB,13/07/2026 16:00,CNTD40FT,,40FT,1,EXPORT,FULL TRUCKING LOAD (EXP - IMP),PT. Indah Kiat Pulp & Paper - Karawang,,KARAWANG,NPCT 1,,,KARAWANG - CAKUNG (FULL)  - 0 - 160,PTR.SQ.1001288,13/07/2026 17:12,1,,,CONFIRM,M. SANDI PRAWIRA,,,
41,SM-D000048,ILS,Tanah Merdeka Petra - Sinarmas,13/07/2026 14:35,SI DO : F1O0000452 - 2332476280,,INDAH KIAT PULP & PAPER TBK.,REGULER TRIP BASIS ( RTB),INDAH KIAT PULP & PAPER TBK.,CNTD40FT-RTB,14/07/2026 8:00,CNTD40FT,,40FT,19,EXPORT,FULL TRUCKING LOAD (EXP - IMP),PT. Indah Kiat Pulp & Paper - Karawang,,KARAWANG,NPCT 1,,,KARAWANG - CAKUNG (FULL)  - 0 - 160,PTR.SQ.1001288,13/07/2026 14:35,19,,,CONFIRM,M. SANDI PRAWIRA,,,
42,SM-D000049,ILS,Tanah Merdeka Petra - Sinarmas,14/07/2026 16:27,SI DO DN F1O0000539 - EBKG17648400,,INDAH KIAT PULP & PAPER TBK.,REGULER TRIP BASIS ( RTB),INDAH KIAT PULP & PAPER TBK.,CNTD40FT-RTB,15/07/2026 8:00,CNTD40FT,,40FT,10,EXPORT,FULL TRUCKING LOAD (EXP - IMP),PT. Indah Kiat Pulp & Paper - Karawang,,KARAWANG,koja,,,KARAWANG - CAKUNG (FULL)  - 0 - 160,PTR.SQ.1001288,14/07/2026 16:27,10,,,CONFIRM,M. SANDI PRAWIRA,,,
43,SM-D000050,ILS,Tanah Merdeka Petra - Sinarmas,15/07/2026 9:30,SI DO : F1O0000224 - 862IJP0028288,,INDAH KIAT PULP & PAPER TBK.,REGULER TRIP BASIS ( RTB),INDAH KIAT PULP & PAPER TBK.,CNTD40FT-RTB,15/07/2026 8:00,CNTD40FT,,40FT,3,EXPORT,FULL TRUCKING LOAD (EXP - IMP),BSA,,CAKUNG,KOJA,,,Depo BSA & Priok - Pelabuhan Tj Priok - 0 - 0,PTR.SQ.1001288,15/07/2026 9:30,3,,,CONFIRM,M. SANDI PRAWIRA,,,
44,SM-D000051,ILS,Tanah Merdeka Petra - Sinarmas,15/07/2026 15:33,SI DO : F1O0000445 - 272656493,,INDAH KIAT PULP & PAPER TBK.,REGULER TRIP BASIS ( RTB),INDAH KIAT PULP & PAPER TBK.,CNTD40FT-RTB,15/07/2026 20:00,CNTD40FT,,40FT,6,EXPORT,FULL TRUCKING LOAD (EXP - IMP),PT. Indah Kiat Pulp & Paper - Karawang,,,BSA,,,KARAWANG - CAKUNG (FULL)  - 0 - 160,PTR.SQ.1001288,15/07/2026 15:33,6,,,CONFIRM,M. SANDI PRAWIRA,,,
45,SM-D000052,ILS,Tanah Merdeka Petra - Sinarmas,15/07/2026 15:33,SI DO : F1O0000431 - COAU6460998580,,INDAH KIAT PULP & PAPER TBK.,REGULER TRIP BASIS ( RTB),INDAH KIAT PULP & PAPER TBK.,CNTD40FT-RTB,15/07/2026 20:00,CNTD40FT,,40FT,4,EXPORT,FULL TRUCKING LOAD (EXP - IMP),PT. Indah Kiat Pulp & Paper - Karawang,,,PELINDO/ TERMINAL 3,,,KARAWANG - CAKUNG (FULL)  - 0 - 160,PTR.SQ.1001288,15/07/2026 15:33,4,,,CONFIRM,M. SANDI PRAWIRA,,,
46,SM-D000053,ILS,Tanah Merdeka Petra - Sinarmas,12/07/2026 11:34,SI DO : F1O0000425  - 2332332761,,INDAH KIAT PULP & PAPER TBK.,REGULER TRIP BASIS ( RTB),INDAH KIAT PULP & PAPER TBK.,CNTD40FT-RTB,13/07/2026 5:00,CNTD40FT,,40FT,1,EXPORT,FULL TRUCKING LOAD (EXP - IMP),BSA,,,KOJA,,,Depo BSA & Priok - Pelabuhan Tj Priok - 0 - 0,PTR.SQ.1001288,12/07/2026 11:34,1,,,CONFIRM,M. SANDI PRAWIRA,,,
47,SM-D000054,ILS,Tanah Merdeka Petra - Sinarmas,16/07/2026 14:06,SI DO : F1O0000538 - 862IJP0031192,,INDAH KIAT PULP & PAPER TBK.,REGULER TRIP BASIS ( RTB),INDAH KIAT PULP & PAPER TBK.,CNTD40FT-RTB,16/07/2026 20:00,CNTD40FT,,40FT,20,EXPORT,FULL TRUCKING LOAD (EXP - IMP),PT. Indah Kiat Pulp & Paper - Karawang,,,BSA,,,KARAWANG - CAKUNG (FULL)  - 0 - 160,PTR.SQ.1001288,16/07/2026 14:06,20,,,CONFIRM,M. SANDI PRAWIRA,,,
48,SM-D000055,ILS,Tanah Merdeka Petra - Sinarmas,16/07/2026 17:00,SI DO DN F1O0000655 - 080600464202,,INDAH KIAT PULP & PAPER TBK.,REGULER TRIP BASIS ( RTB),INDAH KIAT PULP & PAPER TBK.,CNTD40FT-RTB,16/07/2026 20:00,CNTD40FT,,40FT,2,EXPORT,FULL TRUCKING LOAD (EXP - IMP),PT. Indah Kiat Pulp & Paper - Karawang,,,GL Terminal,,,KARAWANG - CAKUNG (FULL)  - 0 - 160,PTR.SQ.1001288,16/07/2026 17:00,2,,,CONFIRM,M. SANDI PRAWIRA,,,
49,SM-D000056,ILS,Tanah Merdeka Petra - Sinarmas,17/07/2026 10:00,SI DO : F1O0000551 - 862IJP0031106,,INDAH KIAT PULP & PAPER TBK.,REGULER TRIP BASIS ( RTB),INDAH KIAT PULP & PAPER TBK.,CNTD40FT-RTB,17/07/2026 20:00,CNTD40FT,,40FT,1,EXPORT,FULL TRUCKING LOAD (EXP - IMP),PT. Indah Kiat Pulp & Paper - Karawang,,,GL Terminal,,,KARAWANG - CAKUNG (FULL)  - 0 - 160,PTR.SQ.1001288,17/07/2026 10:00,1,,,CONFIRM,M. SANDI PRAWIRA,,,
50,SM-D000057,ILS,Tanah Merdeka Petra - Sinarmas,17/07/2026 14:00,SI DO DN F1O0000625 - GOSUJKT8129213,,INDAH KIAT PULP & PAPER TBK.,REGULER TRIP BASIS ( RTB),INDAH KIAT PULP & PAPER TBK.,CNTD40FT-RTB,18/07/2026 21:00,CNTD40FT,,40FT,20,EXPORT,FULL TRUCKING LOAD (EXP - IMP),PT. Indah Kiat Pulp & Paper - Karawang,,,PELINDO/ TERMINAL 3,,,KARAWANG - CAKUNG (FULL)  - 0 - 160,PTR.SQ.1001288,17/07/2026 14:00,20,,,CONFIRM,M. SANDI PRAWIRA,,,
51,SM-D000058,ILS,Tanah Merdeka Petra - Sinarmas,17/07/2026 14:00,SI DO : F1O0000632 - COAU6460998091,,INDAH KIAT PULP & PAPER TBK.,REGULER TRIP BASIS ( RTB),INDAH KIAT PULP & PAPER TBK.,CNTD40FT-RTB,17/07/2026 20:00,CNTD40FT,,40FT,3,EXPORT,FULL TRUCKING LOAD (EXP - IMP),PT. Indah Kiat Pulp & Paper - Karawang,,,GL Terminal,,,KARAWANG - CAKUNG (FULL)  - 0 - 160,PTR.SQ.1001288,17/07/2026 14:00,3,,,CONFIRM,M. SANDI PRAWIRA,,,
52,SM-D000059,ILS,Tanah Merdeka Petra - Sinarmas,17/07/2026 18:00,SI DO DN F1O0000647 - GOSUJKT8129795,,INDAH KIAT PULP & PAPER TBK.,REGULER TRIP BASIS ( RTB),INDAH KIAT PULP & PAPER TBK.,CNTD40FT-RTB,18/07/2026 8:00,CNTD40FT,,40FT,5,EXPORT,FULL TRUCKING LOAD (EXP - IMP),PT. Indah Kiat Pulp & Paper - Karawang,,,PELINDO/ TERMINAL 3,,,KARAWANG - CAKUNG (FULL)  - 0 - 160,PTR.SQ.1001288,17/07/2026 18:00,5,,,CONFIRM,M. SANDI PRAWIRA,,,
53,SM-D000060,ILS,Tanah Merdeka Petra - Sinarmas,17/07/2026 18:00,SI DO DN F1O0000649 - GOSUJKT8129790,,INDAH KIAT PULP & PAPER TBK.,REGULER TRIP BASIS ( RTB),INDAH KIAT PULP & PAPER TBK.,CNTD40FT-RTB,17/07/2026 18:00,CNTD40FT,,40FT,4,EXPORT,FULL TRUCKING LOAD (EXP - IMP),PT. Indah Kiat Pulp & Paper - Karawang,,,PELINDO/ TERMINAL 3,,,KARAWANG - CAKUNG (FULL)  - 0 - 160,PTR.SQ.1001288,17/07/2026 18:00,4,,,CONFIRM,M. SANDI PRAWIRA,,,
54,SM-D000061,ILS,Tanah Merdeka Petra - Sinarmas,17/07/2026 18:00,TESTING,TESTING,TESTING,TESTING,TESTING,TESTING,17/07/2026 18:00,TESTING,,TESTING,1,TESTING,TESTING,TESTING,,,TESTING,,,TESTING,TESTING,17/07/2026 18:00,1,,,CONFIRM,M. SANDI PRAWIRA,,,
55,SM-D000062,ILS,Tanah Merdeka Petra - Sinarmas,17/07/2026 14:00,SI DO DN F1O0000625 - GOSUJKT8129213,,INDAH KIAT PULP & PAPER TBK.,REGULER TRIP BASIS ( RTB),INDAH KIAT PULP & PAPER TBK.,CNTD40FT-RTB,18/07/2026 21:00,CNTD40FT,,40FT,3,EXPORT,FULL TRUCKING LOAD (EXP - IMP),PT. Indah Kiat Pulp & Paper - Karawang,,,PELINDO/ TERMINAL 3,,,KARAWANG - CAKUNG (FULL)  - 0 - 160,PTR.SQ.1001288,17/07/2026 14:00,3,,,CONFIRM,M. SANDI PRAWIRA,,,
56,SM-D000063,ILS,Tanah Merdeka Petra - Sinarmas,18/07/2026 15:00,SI DO : F1O0000602 - 2332718720,,INDAH KIAT PULP & PAPER TBK.,REGULER TRIP BASIS ( RTB),INDAH KIAT PULP & PAPER TBK.,CNTD40FT-RTB,18/07/2026 21:00,CNTD40FT,,40FT,2,EXPORT,FULL TRUCKING LOAD (EXP - IMP),PT. Indah Kiat Pulp & Paper - Karawang,,,KOJA,,,KARAWANG - CAKUNG (FULL)  - 0 - 160,PTR.SQ.1001288,18/07/2026 15:00,2,,,CONFIRM,M. SANDI PRAWIRA,,,
57,SM-D000064,ILS,Tanah Merdeka Petra - Sinarmas,18/07/2026 15:00,SI DO : F1O0000546 - 2332718611,,INDAH KIAT PULP & PAPER TBK.,REGULER TRIP BASIS ( RTB),INDAH KIAT PULP & PAPER TBK.,CNTD40FT-RTB,18/07/2026 21:00,CNTD40FT,,40FT,3,EXPORT,FULL TRUCKING LOAD (EXP - IMP),PT. Indah Kiat Pulp & Paper - Karawang,,,KOJA,,,KARAWANG - CAKUNG (FULL)  - 0 - 160,PTR.SQ.1001288,18/07/2026 15:00,3,,,CONFIRM,M. SANDI PRAWIRA,,,
58,SM-D000065,ILS,Tanah Merdeka Petra - Sinarmas,19/07/2026 10:00,F1O0000531,,INDAH KIAT PULP & PAPER TBK.,REGULER TRIP BASIS ( RTB),INDAH KIAT PULP & PAPER TBK.,CNTD40FT-RTB,19/07/2026 13:00,CNTD40FT,,40FT,2,EXPORT,FULL TRUCKING LOAD (EXP - IMP),PT. Indah Kiat Pulp & Paper - Karawang,,,UTC,,,KARAWANG - CAKUNG (FULL)  - 0 - 160,PTR.SQ.1001288,19/07/2026 10:00,2,,,CONFIRM,M. SANDI PRAWIRA,,,
59,SM-D000066,ILS,Tanah Merdeka Petra - Sinarmas,19/07/2026 10:00,SI DO : F1O0000533 - COAU6460998700 ,,INDAH KIAT PULP & PAPER TBK.,REGULER TRIP BASIS ( RTB),INDAH KIAT PULP & PAPER TBK.,CNTD40FT-RTB,19/07/2026 13:00,CNTD40FT,,40FT,2,EXPORT,FULL TRUCKING LOAD (EXP - IMP),PT. Indah Kiat Pulp & Paper - Karawang,,,UTC,,,KARAWANG - CAKUNG (FULL)  - 0 - 160,PTR.SQ.1001288,19/07/2026 10:00,2,,,CONFIRM,M. SANDI PRAWIRA,,,
60,SM-D000067,ILS,Tanah Merdeka Petra - Sinarmas,19/07/2026 10:00,SI DO : F1O0000601 - COAU6460998271 ,,INDAH KIAT PULP & PAPER TBK.,REGULER TRIP BASIS ( RTB),INDAH KIAT PULP & PAPER TBK.,CNTD40FT-RTB,19/07/2026 13:00,CNTD40FT,,40FT,2,EXPORT,FULL TRUCKING LOAD (EXP - IMP),PT. Indah Kiat Pulp & Paper - Karawang,,,UTC,,,KARAWANG - CAKUNG (FULL)  - 0 - 160,PTR.SQ.1001288,19/07/2026 10:00,2,,,CONFIRM,M. SANDI PRAWIRA,,,
61,SM-D000068,ILS,Tanah Merdeka Petra - Sinarmas,19/07/2026 10:00,SI DO : F1O0000620 - COAU6460998360,,INDAH KIAT PULP & PAPER TBK.,REGULER TRIP BASIS ( RTB),INDAH KIAT PULP & PAPER TBK.,CNTD40FT-RTB,19/07/2026 13:00,CNTD40FT,,40FT,2,EXPORT,FULL TRUCKING LOAD (EXP - IMP),PT. Indah Kiat Pulp & Paper - Karawang,,,UTC,,,KARAWANG - CAKUNG (FULL)  - 0 - 160,PTR.SQ.1001288,19/07/2026 10:00,2,,,CONFIRM,M. SANDI PRAWIRA,,,
62,SM-D000069,ILS,Tanah Merdeka Petra - Sinarmas,20/07/2026 11:00,SI DO : F1O0000662 - JKTG55277701,,INDAH KIAT PULP & PAPER TBK.,REGULER TRIP BASIS ( RTB),INDAH KIAT PULP & PAPER TBK.,CNTD40FT-RTB,20/07/2026 15:00,CNTD40FT,,40FT,9,EXPORT,FULL TRUCKING LOAD (EXP - IMP),PT. Indah Kiat Pulp & Paper - Karawang,,,BSA,,,KARAWANG - CAKUNG (FULL)  - 0 - 160,PTR.SQ.1001288,20/07/2026 11:00,9,,,CONFIRM,M. SANDI PRAWIRA,,,
63,SM-D000070,ILS,Tanah Merdeka Petra - Sinarmas,20/07/2026 16:30,SI DO : F1O0000538 - 862IJP0031192,,INDAH KIAT PULP & PAPER TBK.,REGULER TRIP BASIS ( RTB),INDAH KIAT PULP & PAPER TBK.,CNTD40FT-RTB,21/07/2026 10:00,CNTD40FT,,40FT,30,EXPORT,FULL TRUCKING LOAD (EXP - IMP),BSA,,,KOJA,,,Depo BSA & Priok - Pelabuhan Tj Priok - 0 - 0,PTR.SQ.1001288,20/07/2026 16:30,30,,,CONFIRM,M. SANDI PRAWIRA,,,
64,SM-D000071,ILS,Tanah Merdeka Petra - Sinarmas,21/07/2026 9:23,SI DO : F1O0000527 - 2332719080,,INDAH KIAT PULP & PAPER TBK.,REGULER TRIP BASIS ( RTB),INDAH KIAT PULP & PAPER TBK.,CNTD40FT-RTB,21/07/2026 10:00,CNTD40FT,,40FT,2,EXPORT,FULL TRUCKING LOAD (EXP - IMP),PT. Indah Kiat Pulp & Paper - Karawang,,,KOJA,,,KARAWANG - CAKUNG (FULL)  - 0 - 160,PTR.SQ.1001288,21/07/2026 9:23,2,,,CONFIRM,M. SANDI PRAWIRA,,,
65,SM-D000072,ILS,Tanah Merdeka Petra - Sinarmas,21/07/2026 9:23,SI DO : F1O0000544 - 2332719081 ,,INDAH KIAT PULP & PAPER TBK.,REGULER TRIP BASIS ( RTB),INDAH KIAT PULP & PAPER TBK.,CNTD40FT-RTB,21/07/2026 10:00,CNTD40FT,,40FT,2,EXPORT,FULL TRUCKING LOAD (EXP - IMP),PT. Indah Kiat Pulp & Paper - Karawang,,,KOJA,,,KARAWANG - CAKUNG (FULL)  - 0 - 160,PTR.SQ.1001288,21/07/2026 9:23,2,,,CONFIRM,M. SANDI PRAWIRA,,,
66,SM-D000073,ILS,Tanah Merdeka Petra - Sinarmas,21/07/2026 11:43,SI DO DN F1O0000686 - 080600469122,,INDAH KIAT PULP & PAPER TBK.,REGULER TRIP BASIS ( RTB),INDAH KIAT PULP & PAPER TBK.,CNTD40FT-RTB,21/07/2026 14:00,CNTD40FT,,40FT,16,EXPORT,FULL TRUCKING LOAD (EXP - IMP),PT. Indah Kiat Pulp & Paper - Karawang,,,T300/TMAL ,,,KARAWANG - CAKUNG (FULL)  - 0 - 160,PTR.SQ.1001288,21/07/2026 11:43,16,,,CONFIRM,M. SANDI PRAWIRA,,,
67,SM-D000074,ILS,Tanah Merdeka Petra - Sinarmas,21/07/2026 11:43,SI DO DN F1O0000653 - 080600464822,,INDAH KIAT PULP & PAPER TBK.,REGULER TRIP BASIS ( RTB),INDAH KIAT PULP & PAPER TBK.,CNTD40FT-RTB,21/07/2026 14:00,CNTD40FT,,40FT,3,EXPORT,FULL TRUCKING LOAD (EXP - IMP),PT. Indah Kiat Pulp & Paper - Karawang,,,T300/TMAL ,,,KARAWANG - CAKUNG (FULL)  - 0 - 160,PTR.SQ.1001288,21/07/2026 11:43,3,,,CONFIRM,M. SANDI PRAWIRA,,,
68,SM-D000075,ILS,Tanah Merdeka Petra - Sinarmas,21/07/2026 15:00,SI DO : F1O0000597 - JKTG55218900,,INDAH KIAT PULP & PAPER TBK.,REGULER TRIP BASIS ( RTB),INDAH KIAT PULP & PAPER TBK.,CNTD40FT-RTB,21/07/2026 18:00,CNTD40FT,,40FT,11,EXPORT,FULL TRUCKING LOAD (EXP - IMP),PT. Indah Kiat Pulp & Paper - Karawang,,,UTC,,,KARAWANG - CAKUNG (FULL)  - 0 - 160,PTR.SQ.1001288,21/07/2026 15:00,11,,,CONFIRM,M. SANDI PRAWIRA,,,
69,SM-D000076,ILS,Tanah Merdeka Petra - Sinarmas,22/07/2026 15:20,SI DO DN F1O0000723 - 272866263,,INDAH KIAT PULP & PAPER TBK.,REGULER TRIP BASIS ( RTB),INDAH KIAT PULP & PAPER TBK.,CNTD40FT-RTB,22/07/2026 21:00,CNTD40FT,,40FT,2,EXPORT,FULL TRUCKING LOAD (EXP - IMP),PT. Indah Kiat Pulp & Paper - Karawang,,,NPCT 1,,,KARAWANG - CAKUNG (FULL)  - 0 - 160,PTR.SQ.1001288,22/07/2026 15:20,2,,,CONFIRM,M. SANDI PRAWIRA,,,
70,SM-D000077,ILS,Tanah Merdeka Petra - Sinarmas,22/07/2026 15:20,SI DO : F1O0000635 - 862IJP0031367,,INDAH KIAT PULP & PAPER TBK.,REGULER TRIP BASIS ( RTB),INDAH KIAT PULP & PAPER TBK.,CNTD40FT-RTB,22/07/2026 21:00,CNTD40FT,,40FT,1,EXPORT,FULL TRUCKING LOAD (EXP - IMP),PT. Indah Kiat Pulp & Paper - Karawang,,,NPCT 1,,,KARAWANG - CAKUNG (FULL)  - 0 - 160,PTR.SQ.1001288,22/07/2026 15:20,1,,,CONFIRM,M. SANDI PRAWIRA,,,
71,SM-D000078,ILS,Tanah Merdeka Petra - Sinarmas,22/07/2026 15:20,SI DO DN F1O0000749 - JKTG60294900,,INDAH KIAT PULP & PAPER TBK.,REGULER TRIP BASIS ( RTB),INDAH KIAT PULP & PAPER TBK.,CNTD40FT-RTB,22/07/2026 21:00,CNTD40FT,,40FT,7,EXPORT,FULL TRUCKING LOAD (EXP - IMP),PT. Indah Kiat Pulp & Paper - Karawang,,,UTC,,,KARAWANG - CAKUNG (FULL)  - 0 - 160,PTR.SQ.1001288,22/07/2026 15:20,7,,,CONFIRM,M. SANDI PRAWIRA,,,
72,SM-D000079,ILS,Tanah Merdeka Petra - Sinarmas,22/07/2026 15:20,SI DO : F1O0000519 - COAU6460998300,,INDAH KIAT PULP & PAPER TBK.,REGULER TRIP BASIS ( RTB),INDAH KIAT PULP & PAPER TBK.,CNTD40FT-RTB,22/07/2026 21:00,CNTD40FT,,40FT,3,EXPORT,FULL TRUCKING LOAD (EXP - IMP),PT. Indah Kiat Pulp & Paper - Karawang,,,BSA,,,KARAWANG - CAKUNG (FULL)  - 0 - 160,PTR.SQ.1001288,22/07/2026 15:20,3,,,CONFIRM,M. SANDI PRAWIRA,,,
73,SM-D000080,ILS,Tanah Merdeka Petra - Sinarmas,22/07/2026 15:20,SI DO : F1O0000521 - COAU6460998471,,INDAH KIAT PULP & PAPER TBK.,REGULER TRIP BASIS ( RTB),INDAH KIAT PULP & PAPER TBK.,CNTD40FT-RTB,22/07/2026 21:00,CNTD40FT,,40FT,2,EXPORT,FULL TRUCKING LOAD (EXP - IMP),PT. Indah Kiat Pulp & Paper - Karawang,,,BSA,,,KARAWANG - CAKUNG (FULL)  - 0 - 160,PTR.SQ.1001288,22/07/2026 15:20,2,,,CONFIRM,M. SANDI PRAWIRA,,,
74,SM-D000081,ILS,Tanah Merdeka Petra - Sinarmas,22/07/2026 17:30,SI DO : F1O0000675 - 2334109170,,INDAH KIAT PULP & PAPER TBK.,REGULER TRIP BASIS ( RTB),INDAH KIAT PULP & PAPER TBK.,CNTD40FT-RTB,23/07/2026 10:00,CNTD40FT,,40FT,19,EXPORT,FULL TRUCKING LOAD (EXP - IMP),BPL,,,DEPO PDT,,,Depo Arround Priok - Pancaran Depo  - 0 - 36,PTR.SQ.1001288,22/07/2026 17:30,19,,,CONFIRM,M. SANDI PRAWIRA,,,
75,SM-D000082,ILS,Tanah Merdeka Petra - Sinarmas,22/07/2026 17:30,SI DO : F1O0000477 - EBKG17506993,,INDAH KIAT PULP & PAPER TBK.,REGULER TRIP BASIS ( RTB),INDAH KIAT PULP & PAPER TBK.,CNTD40FT-RTB,23/07/2026 10:00,CNTD40FT,,40FT,5,EXPORT,FULL TRUCKING LOAD (EXP - IMP),PT. Indah Kiat Pulp & Paper - Karawang,,,KOJA,,,KARAWANG - CAKUNG (FULL)  - 0 - 160,PTR.SQ.1001288,22/07/2026 17:30,5,,,CONFIRM,M. SANDI PRAWIRA,,,
76,SM-D000083,ILS,Tanah Merdeka Petra - Sinarmas,22/07/2026 15:20,SI DO DN F1O0000749 - JKTG60294900,,INDAH KIAT PULP & PAPER TBK.,REGULER TRIP BASIS ( RTB),INDAH KIAT PULP & PAPER TBK.,CNTD40FT-RTB,22/07/2026 21:00,CNTD40FT,,40FT,1,EXPORT,FULL TRUCKING LOAD (EXP - IMP),PT. Indah Kiat Pulp & Paper - Karawang,,,UTC,,,KARAWANG - CAKUNG (FULL)  - 0 - 160,PTR.SQ.1001288,22/07/2026 15:20,1,,,CANCEL,M. SANDI PRAWIRA,,,
77,SM-D000084,ILS,Tanah Merdeka Petra - Sinarmas,23/07/2026 9:30,SI DO : F1O0000561 - 862IJP0033329 ,,INDAH KIAT PULP & PAPER TBK.,REGULER TRIP BASIS ( RTB),INDAH KIAT PULP & PAPER TBK.,CNTD40FT-RTB,23/07/2026 12:00,CNTD40FT,,40FT,11,EXPORT,FULL TRUCKING LOAD (EXP - IMP),PT. Indah Kiat Pulp & Paper - Karawang,,,KOJA,,,KARAWANG - CAKUNG (FULL)  - 0 - 160,PTR.SQ.1001288,23/07/2026 9:30,11,,,CONFIRM,M. SANDI PRAWIRA,,,
78,SM-D000085,ILS,Tanah Merdeka Petra - Sinarmas,23/07/2026 10:26,SI DO : F1O0000523 - COAU6460998120,,INDAH KIAT PULP & PAPER TBK.,REGULER TRIP BASIS ( RTB),INDAH KIAT PULP & PAPER TBK.,CNTD40FT-RTB,24/07/2026 8:00,CNTD40FT,,40FT,2,EXPORT,FULL TRUCKING LOAD (EXP - IMP),PT. Indah Kiat Pulp & Paper - Karawang,,,BSA,,,KARAWANG - CAKUNG (FULL)  - 0 - 160,PTR.SQ.1001288,23/07/2026 10:26,2,,,CONFIRM,M. SANDI PRAWIRA,,,
79,SM-D000086,ILS,Tanah Merdeka Petra - Sinarmas,23/07/2026 10:26,SI DO : F1O0000522 - COAU6460998701,,INDAH KIAT PULP & PAPER TBK.,REGULER TRIP BASIS ( RTB),INDAH KIAT PULP & PAPER TBK.,CNTD40FT-RTB,24/07/2026 8:00,CNTD40FT,,40FT,2,EXPORT,FULL TRUCKING LOAD (EXP - IMP),PT. Indah Kiat Pulp & Paper - Karawang,,,BSA,,,KARAWANG - CAKUNG (FULL)  - 0 - 160,PTR.SQ.1001288,23/07/2026 10:26,2,,,CONFIRM,M. SANDI PRAWIRA,,,
80,SM-D000087,ILS,Tanah Merdeka Petra - Sinarmas,23/07/2026 12:26,SI DO DN F1O0000724 - 272698276,,INDAH KIAT PULP & PAPER TBK.,REGULER TRIP BASIS ( RTB),INDAH KIAT PULP & PAPER TBK.,CNTD40FT-RTB,23/07/2026 12:00,CNTD40FT,,40FT,3,EXPORT,FULL TRUCKING LOAD (EXP - IMP),PT. Indah Kiat Pulp & Paper - Karawang,,,NPCT 1,,,KARAWANG - CAKUNG (FULL)  - 0 - 160,PTR.SQ.1001288,23/07/2026 12:26,3,,,CONFIRM,M. SANDI PRAWIRA,,,
81,SM-D000088,ILS,Tanah Merdeka Petra - Sinarmas,23/07/2026 13:40,SI DO : F1O0000560 - 862IJP0033328,,INDAH KIAT PULP & PAPER TBK.,REGULER TRIP BASIS ( RTB),INDAH KIAT PULP & PAPER TBK.,CNTD40FT-RTB,23/07/2026 16:00,CNTD40FT,,40FT,10,EXPORT,FULL TRUCKING LOAD (EXP - IMP),PT. Indah Kiat Pulp & Paper - Karawang,,,KOJA,,,KARAWANG - CAKUNG (FULL)  - 0 - 160,PTR.SQ.1001288,23/07/2026 13:40,10,,,CONFIRM,M. SANDI PRAWIRA,,,
82,SM-D000089,ILS,Tanah Merdeka Petra - Sinarmas,23/07/2026 13:40,SI DO : F1O0000668 - COAU6460998031,,INDAH KIAT PULP & PAPER TBK.,REGULER TRIP BASIS ( RTB),INDAH KIAT PULP & PAPER TBK.,CNTD40FT-RTB,24/07/2026 16:00,CNTD40FT,,40FT,1,EXPORT,FULL TRUCKING LOAD (EXP - IMP),PT. Indah Kiat Pulp & Paper - Karawang,,,BSA,,,KARAWANG - CAKUNG (FULL)  - 0 - 160,PTR.SQ.1001288,23/07/2026 13:40,1,,,CONFIRM,M. SANDI PRAWIRA,,,
83,SM-D000090,ILS,Tanah Merdeka Petra - Sinarmas,24/07/2026 14:07,SI DO : F1O0000606 - 97896571,,INDAH KIAT PULP & PAPER TBK.,REGULER TRIP BASIS ( RTB),INDAH KIAT PULP & PAPER TBK.,CNTD40FT-RTB,24/07/2026 16:00,CNTD40FT,,40FT,2,EXPORT,FULL TRUCKING LOAD (EXP - IMP),PT. Indah Kiat Pulp & Paper - Karawang,,,NPCT 1,,,KARAWANG - CAKUNG (FULL)  - 0 - 160,PTR.SQ.1001288,24/07/2026 14:07,2,,,CONFIRM,M. SANDI PRAWIRA,,,
84,SM-D000091,ILS,Tanah Merdeka Petra - Sinarmas,24/07/2026 14:07,SI DO : F1O0000589 - JKTG55445400,,INDAH KIAT PULP & PAPER TBK.,REGULER TRIP BASIS ( RTB),INDAH KIAT PULP & PAPER TBK.,CNTD40FT-RTB,24/07/2026 16:00,CNTD40FT,,40FT,2,EXPORT,FULL TRUCKING LOAD (EXP - IMP),PT. Indah Kiat Pulp & Paper - Karawang,,,T300/TMAL ,,,KARAWANG - CAKUNG (FULL)  - 0 - 160,PTR.SQ.1001288,24/07/2026 14:07,2,,,CONFIRM,M. SANDI PRAWIRA,,,
85,SM-D000092,ILS,Tanah Merdeka Petra - Sinarmas,24/07/2026 14:07,SI DO : F1O0000778 - JKTG55277700,,INDAH KIAT PULP & PAPER TBK.,REGULER TRIP BASIS ( RTB),INDAH KIAT PULP & PAPER TBK.,CNTD40FT-RTB,24/07/2026 16:00,CNTD40FT,,40FT,1,EXPORT,FULL TRUCKING LOAD (EXP - IMP),PT. Indah Kiat Pulp & Paper - Karawang,,,KOJA,,,KARAWANG - CAKUNG (FULL)  - 0 - 160,PTR.SQ.1001288,24/07/2026 14:07,1,,,CONFIRM,M. SANDI PRAWIRA,,,
86,SM-D000093,ILS,Tanah Merdeka Petra - Sinarmas,24/07/2026 14:07,SI DO : F1O0000780 - JKTG55277710,,INDAH KIAT PULP & PAPER TBK.,REGULER TRIP BASIS ( RTB),INDAH KIAT PULP & PAPER TBK.,CNTD40FT-RTB,24/07/2026 16:00,CNTD40FT,,40FT,2,EXPORT,FULL TRUCKING LOAD (EXP - IMP),PT. Indah Kiat Pulp & Paper - Karawang,,,KOJA,,,KARAWANG - CAKUNG (FULL)  - 0 - 160,PTR.SQ.1001288,24/07/2026 14:07,2,,,CONFIRM,M. SANDI PRAWIRA,,,
87,SM-D000094,ILS,Tanah Merdeka Petra - Sinarmas,24/07/2026 14:07,SI DO : F1O0000781 - JKTG55277707,,INDAH KIAT PULP & PAPER TBK.,REGULER TRIP BASIS ( RTB),INDAH KIAT PULP & PAPER TBK.,CNTD40FT-RTB,24/07/2026 16:00,CNTD40FT,,40FT,2,EXPORT,FULL TRUCKING LOAD (EXP - IMP),PT. Indah Kiat Pulp & Paper - Karawang,,,KOJA,,,KARAWANG - CAKUNG (FULL)  - 0 - 160,PTR.SQ.1001288,24/07/2026 14:07,2,,,CONFIRM,M. SANDI PRAWIRA,,,
88,SM-D000095,ILS,Tanah Merdeka Petra - Sinarmas,24/07/2026 14:07,SI DO : F1O0000784 - JKTG55277708,,INDAH KIAT PULP & PAPER TBK.,REGULER TRIP BASIS ( RTB),INDAH KIAT PULP & PAPER TBK.,CNTD40FT-RTB,24/07/2026 16:00,CNTD40FT,,40FT,2,EXPORT,FULL TRUCKING LOAD (EXP - IMP),PT. Indah Kiat Pulp & Paper - Karawang,,,KOJA,,,KARAWANG - CAKUNG (FULL)  - 0 - 160,PTR.SQ.1001288,24/07/2026 14:07,2,,,CONFIRM,M. SANDI PRAWIRA,,,
89,SM-D000096,ILS,Tanah Merdeka Petra - Sinarmas,24/07/2026 14:07,SI DO : F1O0000785 - JKTG55277713,,INDAH KIAT PULP & PAPER TBK.,REGULER TRIP BASIS ( RTB),INDAH KIAT PULP & PAPER TBK.,CNTD40FT-RTB,24/07/2026 16:00,CNTD40FT,,40FT,2,EXPORT,FULL TRUCKING LOAD (EXP - IMP),PT. Indah Kiat Pulp & Paper - Karawang,,,KOJA,,,KARAWANG - CAKUNG (FULL)  - 0 - 160,PTR.SQ.1001288,24/07/2026 14:07,2,,,CONFIRM,M. SANDI PRAWIRA,,,
90,SM-D000097,ILS,Tanah Merdeka Petra - Sinarmas,24/07/2026 14:07, SI DO : F1O0000786 - JKTG55277714,,INDAH KIAT PULP & PAPER TBK.,REGULER TRIP BASIS ( RTB),INDAH KIAT PULP & PAPER TBK.,CNTD40FT-RTB,24/07/2026 16:00,CNTD40FT,,40FT,2,EXPORT,FULL TRUCKING LOAD (EXP - IMP),PT. Indah Kiat Pulp & Paper - Karawang,,,KOJA,,,KARAWANG - CAKUNG (FULL)  - 0 - 160,PTR.SQ.1001288,24/07/2026 14:07,2,,,CONFIRM,M. SANDI PRAWIRA,,,
91,SM-D000098,ILS,Tanah Merdeka Petra - Sinarmas,22/07/2026 17:30,SI DO : F1O0000675 - 2334109170,,INDAH KIAT PULP & PAPER TBK.,REGULER TRIP BASIS ( RTB),INDAH KIAT PULP & PAPER TBK.,CNTD40FT-RTB,23/07/2026 10:00,CNTD40FT,,40FT,19,EXPORT,FULL TRUCKING LOAD (EXP - IMP),PT Bunga Plum Logistik,,,DEPO PDT,,,Depo Arround Priok - Pancaran Depo  - 0 - 36,PTR.SQ.1001288,22/07/2026 17:30,19,,,CONFIRM,M. SANDI PRAWIRA,,,
92,SM-D000099,ILS,Tanah Merdeka Petra - Sinarmas,24/07/2026 17:07,SI DO DN F1O0000767 - JKTG50049600,,INDAH KIAT PULP & PAPER TBK.,REGULER TRIP BASIS ( RTB),INDAH KIAT PULP & PAPER TBK.,CNTD40FT-RTB,25/07/2026 16:00,CNTD40FT,,40FT,18,EXPORT,FULL TRUCKING LOAD (EXP - IMP),PT. Indah Kiat Pulp & Paper - Karawang,,,T300/TMAL ,,,KARAWANG - CAKUNG (FULL)  - 0 - 160,PTR.SQ.1001288,24/07/2026 17:07,18,,,CONFIRM,M. SANDI PRAWIRA,,,
93,SM-D000100,ILS,Tanah Merdeka Petra - Sinarmas,24/07/2026 17:07,SI DO : F1O0000599 - COAU6460998500 ,,INDAH KIAT PULP & PAPER TBK.,REGULER TRIP BASIS ( RTB),INDAH KIAT PULP & PAPER TBK.,CNTD40FT-RTB,25/07/2026 16:00,CNTD40FT,,40FT,4,EXPORT,FULL TRUCKING LOAD (EXP - IMP),BSA,,,UTC,,,Depo BSA & Priok - Pelabuhan Tj Priok - 0 - 0,PTR.SQ.1001288,24/07/2026 17:07,4,,,CONFIRM,M. SANDI PRAWIRA,,,
94,SM-D000101,ILS,Tanah Merdeka Petra - Sinarmas,24/07/2026 17:07,SI DO : F1O0000534 - COAU6460998380,,INDAH KIAT PULP & PAPER TBK.,REGULER TRIP BASIS ( RTB),INDAH KIAT PULP & PAPER TBK.,CNTD40FT-RTB,25/07/2026 16:00,CNTD40FT,,40FT,2,EXPORT,FULL TRUCKING LOAD (EXP - IMP),BSA,,,UTC,,,Depo BSA & Priok - Pelabuhan Tj Priok - 0 - 0,PTR.SQ.1001288,24/07/2026 17:07,2,,,CONFIRM,M. SANDI PRAWIRA,,,
95,SM-D000102,ILS,Tanah Merdeka Petra - Sinarmas,24/07/2026 17:07,SI DO : F1O0000600 - COAU6460998720,,INDAH KIAT PULP & PAPER TBK.,REGULER TRIP BASIS ( RTB),INDAH KIAT PULP & PAPER TBK.,CNTD40FT-RTB,25/07/2026 16:00,CNTD40FT,,40FT,4,EXPORT,FULL TRUCKING LOAD (EXP - IMP),BSA,,,UTC,,,Depo BSA & Priok - Pelabuhan Tj Priok - 0 - 0,PTR.SQ.1001288,24/07/2026 17:07,4,,,CONFIRM,M. SANDI PRAWIRA,,,
96,SM-D000103,ILS,Tanah Merdeka Petra - Sinarmas,24/07/2026 17:07,F1O0000531,,INDAH KIAT PULP & PAPER TBK.,REGULER TRIP BASIS ( RTB),INDAH KIAT PULP & PAPER TBK.,CNTD40FT-RTB,25/07/2026 16:00,CNTD40FT,,40FT,2,EXPORT,FULL TRUCKING LOAD (EXP - IMP),BSA,,,UTC,,,Depo BSA & Priok - Pelabuhan Tj Priok - 0 - 0,PTR.SQ.1001288,24/07/2026 17:07,2,,,CONFIRM,M. SANDI PRAWIRA,,,
97,SM-D000104,ILS,Tanah Merdeka Petra - Sinarmas,24/07/2026 17:07,SI DO DN F1O0000767 - JKTG50049600,,INDAH KIAT PULP & PAPER TBK.,REGULER TRIP BASIS ( RTB),INDAH KIAT PULP & PAPER TBK.,CNTD40FT-RTB,25/07/2026 16:00,CNTD40FT,,40FT,1,EXPORT,FULL TRUCKING LOAD (EXP - IMP),PT. Indah Kiat Pulp & Paper - Karawang,,,MAL/T300,,,KARAWANG - CAKUNG (FULL)  - 0 - 160,PTR.SQ.1001288,24/07/2026 17:07,1,,,CONFIRM,M. SANDI PRAWIRA,,,
98,SM-D000105,ILS,Tanah Merdeka Petra - Sinarmas,25/07/2026 11:00,SI DO DN F1O0000764 - GOSUJKT8129890,,INDAH KIAT PULP & PAPER TBK.,REGULER TRIP BASIS ( RTB),INDAH KIAT PULP & PAPER TBK.,CNTD40FT-RTB,25/07/2026 16:00,CNTD40FT,,40FT,4,EXPORT,FULL TRUCKING LOAD (EXP - IMP),PT. Indah Kiat Pulp & Paper - Karawang,,,PELINDO/ TERMINAL 3,,,KARAWANG - CAKUNG (FULL)  - 0 - 160,PTR.SQ.1001288,25/07/2026 11:00,4,,,CONFIRM,M. SANDI PRAWIRA,,,
99,SM-D000106,ILS,Tanah Merdeka Petra - Sinarmas,26/07/2026 23:30,PDT - F1O0000674,,INDAH KIAT PULP & PAPER TBK.,REGULER TRIP BASIS ( RTB),INDAH KIAT PULP & PAPER TBK.,CNTD40FT-RTB,27/07/2026 5:00,CNTD40FT,,40FT,31,EXPORT,FULL TRUCKING LOAD (EXP - IMP),PT Bunga Plum Logistik,,,DEPO PDT,,,Depo Arround Priok - Pancaran Depo  - 0 - 36,PTR.SQ.1001288,26/07/2026 23:30,31,,,CONFIRM,M. SANDI PRAWIRA,,,
100,SM-D000107,ILS,Tanah Merdeka Petra - Sinarmas,26/07/2026 23:30,PDT - F1O0000674,,INDAH KIAT PULP & PAPER TBK.,REGULER TRIP BASIS ( RTB),INDAH KIAT PULP & PAPER TBK.,CNTD40FT-RTB,27/07/2026 5:00,CNTD40FT,,40FT,2,EXPORT,FULL TRUCKING LOAD (EXP - IMP),PT Bunga Plum Logistik,,,DEPO PDT,,,Depo Arround Priok - Pancaran Depo  - 0 - 36,PTR.SQ.1001288,26/07/2026 23:30,2,,,CONFIRM,M. SANDI PRAWIRA,,,
101,SM-D000108,ILS,Tanah Merdeka Petra - Sinarmas,22/07/2026 17:30,SI DO : F1O0000675 - 2334109170,,INDAH KIAT PULP & PAPER TBK.,REGULER TRIP BASIS ( RTB),INDAH KIAT PULP & PAPER TBK.,CNTD40FT-RTB,23/07/2026 10:00,CNTD40FT,,40FT,1,EXPORT,FULL TRUCKING LOAD (EXP - IMP),PT Bunga Plum Logistik,,,DEPO PDT,,,Depo Arround Priok - Pancaran Depo  - 0 - 36,PTR.SQ.1001288,22/07/2026 17:30,1,,,CONFIRM,M. SANDI PRAWIRA,,,
102,SM-D000109,ILS,Tanah Merdeka Petra - Sinarmas,25/07/2026 11:05,SI DO DN F1O0000720 - GOSUJKT8129887,,INDAH KIAT PULP & PAPER TBK.,REGULER TRIP BASIS ( RTB),INDAH KIAT PULP & PAPER TBK.,CNTD40FT-RTB,25/07/2026 11:05,CNTD40FT,,40FT,9,EXPORT,FULL TRUCKING LOAD (EXP - IMP),PT. Indah Kiat Pulp & Paper - Karawang,,,PELINDO/ TERMINAL 3,,,KARAWANG - CAKUNG (FULL)  - 0 - 160,PTR.SQ.1001288,25/07/2026 11:05,9,,,CONFIRM,M. SANDI PRAWIRA,,,
103,SM-D000112,ILS,Tanah Merdeka Petra - Sinarmas,27/07/2026 13:18,PDT - F1O0000674,,INDAH KIAT PULP & PAPER TBK.,REGULER TRIP BASIS ( RTB),INDAH KIAT PULP & PAPER TBK.,CNTD40FT-RTB,27/07/2026 16:00,CNTD40FT,,40FT,17,EXPORT,FULL TRUCKING LOAD (EXP - IMP),PT. Indah Kiat Pulp & Paper - Karawang,,,KOJA,,,KARAWANG - CAKUNG (FULL)  - 0 - 160,PTR.SQ.1001288,27/07/2026 13:18,17,,,CONFIRM,M. SANDI PRAWIRA,,,
104,SM-D000113,ILS,Tanah Merdeka Petra - Sinarmas,27/07/2026 13:18,SI DO DN F1O0000819 - GOSUJKT8129889,,INDAH KIAT PULP & PAPER TBK.,REGULER TRIP BASIS ( RTB),INDAH KIAT PULP & PAPER TBK.,CNTD40FT-RTB,27/07/2026 16:00,CNTD40FT,,40FT,9,EXPORT,FULL TRUCKING LOAD (EXP - IMP),PT. Indah Kiat Pulp & Paper - Karawang,,,PELINDO/ TERMINAL 3,,,KARAWANG - CAKUNG (FULL)  - 0 - 160,PTR.SQ.1001288,27/07/2026 13:18,9,,,CONFIRM,M. SANDI PRAWIRA,,,
105,SM-D000114,ILS,Tanah Merdeka Petra - Sinarmas,27/07/2026 16:00,SI DO : F1O0000662 - JKTG55277701,,INDAH KIAT PULP & PAPER TBK.,REGULER TRIP BASIS ( RTB),INDAH KIAT PULP & PAPER TBK.,CNTD40FT-RTB,27/07/2026 21:00,CNTD40FT,,40FT,9,EXPORT,FULL TRUCKING LOAD (EXP - IMP),BSA,,,KOJA,,,Depo BSA & Priok - Pelabuhan Tj Priok - 0 - 0,PTR.SQ.1001288,27/07/2026 16:00,9,,,CONFIRM,M. SANDI PRAWIRA,,,
106,SM-D000115,ILS,Tanah Merdeka Petra - Sinarmas,27/07/2026 18:00,SI DO DN F1O0000766 - 080600476901,,INDAH KIAT PULP & PAPER TBK.,REGULER TRIP BASIS ( RTB),INDAH KIAT PULP & PAPER TBK.,CNTD40FT-RTB,28/07/2026 21:00,CNTD40FT,,40FT,4,EXPORT,FULL TRUCKING LOAD (EXP - IMP),PT. Indah Kiat Pulp & Paper - Karawang,,,MAL/T300,,,KARAWANG - CAKUNG (FULL)  - 0 - 160,PTR.SQ.1001288,27/07/2026 18:00,4,,,CONFIRM,M. SANDI PRAWIRA,,,
107,SM-D000116,ILS,Tanah Merdeka Petra - Sinarmas,27/07/2026 18:00,SI DO DN F1O0000769 - 080600483613,,INDAH KIAT PULP & PAPER TBK.,REGULER TRIP BASIS ( RTB),INDAH KIAT PULP & PAPER TBK.,CNTD40FT-RTB,28/07/2026 21:00,CNTD40FT,,40FT,4,EXPORT,FULL TRUCKING LOAD (EXP - IMP),PT. Indah Kiat Pulp & Paper - Karawang,,,MAL/T300,,,KARAWANG - CAKUNG (FULL)  - 0 - 160,PTR.SQ.1001288,27/07/2026 18:00,4,,,CONFIRM,M. SANDI PRAWIRA,,,
108,SM-D000117,ILS,Tanah Merdeka Petra - Sinarmas,27/07/2026 18:00,SI DO : F1O0000638 - 274367958,,INDAH KIAT PULP & PAPER TBK.,REGULER TRIP BASIS ( RTB),INDAH KIAT PULP & PAPER TBK.,CNTD40FT-RTB,28/07/2026 21:00,CNTD40FT,,40FT,6,EXPORT,FULL TRUCKING LOAD (EXP - IMP),PT. Indah Kiat Pulp & Paper - Karawang,,,NPCT 1,,,KARAWANG - CAKUNG (FULL)  - 0 - 160,PTR.SQ.1001288,27/07/2026 18:00,6,,,CONFIRM,M. SANDI PRAWIRA,,,
109,SM-D000118,ILS,Tanah Merdeka Petra - Sinarmas,28/07/2026 10:00, SI DO DN F1O0000838 - 272866545,,INDAH KIAT PULP & PAPER TBK.,REGULER TRIP BASIS ( RTB),INDAH KIAT PULP & PAPER TBK.,CNTD40FT-RTB,28/07/2026 21:00,CNTD40FT,,40FT,12,EXPORT,FULL TRUCKING LOAD (EXP - IMP),PT. Indah Kiat Pulp & Paper - Karawang,,,NPCT 1,,,KARAWANG - CAKUNG (FULL)  - 0 - 160,PTR.SQ.1001288,28/07/2026 10:00,12,,,CONFIRM,M. SANDI PRAWIRA,,,
110,SM-D000119,ILS,Tanah Merdeka Petra - Sinarmas,24/07/2026 14:00,SI DO : F1O0000608,,INDAH KIAT PULP & PAPER TBK.,REGULER TRIP BASIS ( RTB),INDAH KIAT PULP & PAPER TBK.,CNTD40FT-RTB,25/07/2026 10:00,CNTD40FT,,40FT,2,EXPORT,FULL TRUCKING LOAD (EXP - IMP),PT. Indah Kiat Pulp & Paper - Karawang,,,NPCT 1,,,KARAWANG - CAKUNG (FULL)  - 0 - 160,PTR.SQ.1001288,24/07/2026 14:00,2,,,CONFIRM,M. SANDI PRAWIRA,,,
111,SM-D000120,ILS,Tanah Merdeka Petra - Sinarmas,28/07/2026 12:22,SI DO : F1O0000584 - JKTG56909300,,INDAH KIAT PULP & PAPER TBK.,REGULER TRIP BASIS ( RTB),INDAH KIAT PULP & PAPER TBK.,CNTD40FT-RTB,28/07/2026 21:00,CNTD40FT,,40FT,5,EXPORT,FULL TRUCKING LOAD (EXP - IMP),PT. Indah Kiat Pulp & Paper - Karawang,,,GL Terminal,,,KARAWANG - CAKUNG (FULL)  - 0 - 160,PTR.SQ.1001288,28/07/2026 12:22,5,,,CONFIRM,M. SANDI PRAWIRA,,,
112,SM-D000121,ILS,Tanah Merdeka Petra - Sinarmas,28/07/2026 15:14,F1O0000808 - 080600486451,,INDAH KIAT PULP & PAPER TBK.,REGULER TRIP BASIS ( RTB),INDAH KIAT PULP & PAPER TBK.,CNTD40FT-RTB,29/07/2026 21:00,CNTD40FT,,40FT,13,EXPORT,FULL TRUCKING LOAD (EXP - IMP),PT. Indah Kiat Pulp & Paper - Karawang,,,MAL/T300,,,KARAWANG - CAKUNG (FULL)  - 0 - 160,PTR.SQ.1001288,28/07/2026 15:14,13,,,CONFIRM,M. SANDI PRAWIRA,,,
113,SM-D000122,ILS,Tanah Merdeka Petra - Sinarmas,28/07/2026 15:14,F1O0000707 - 274529826,,INDAH KIAT PULP & PAPER TBK.,REGULER TRIP BASIS ( RTB),INDAH KIAT PULP & PAPER TBK.,CNTD40FT-RTB,29/07/2026 21:00,CNTD40FT,,40FT,10,EXPORT,FULL TRUCKING LOAD (EXP - IMP),PT. Indah Kiat Pulp & Paper - Karawang,,,NPCT 1,,,KARAWANG - CAKUNG (FULL)  - 0 - 160,PTR.SQ.1001288,28/07/2026 15:14,10,,,CONFIRM,M. SANDI PRAWIRA,,,
114,SM-D000123,ILS,Tanah Merdeka Petra - Sinarmas,29/07/2026 11:24,F1O0000698 - 274410607,,INDAH KIAT PULP & PAPER TBK.,REGULER TRIP BASIS ( RTB),INDAH KIAT PULP & PAPER TBK.,CNTD40FT-RTB,29/07/2026 21:00,CNTD40FT,,40FT,14,EXPORT,FULL TRUCKING LOAD (EXP - IMP),PT. Indah Kiat Pulp & Paper - Karawang,,,NPCT 1,,,KARAWANG - CAKUNG (FULL)  - 0 - 160,PTR.SQ.1001288,29/07/2026 11:24,14,,,CONFIRM,M. SANDI PRAWIRA,,,
115,SM-D000124,ILS,Tanah Merdeka Petra - Sinarmas,29/07/2026 13:00,F1O0000667 - 2334608990,,INDAH KIAT PULP & PAPER TBK.,REGULER TRIP BASIS ( RTB),INDAH KIAT PULP & PAPER TBK.,CNTD40FT-RTB,30/07/2026 11:00,CNTD40FT,,40FT,21,EXPORT,FULL TRUCKING LOAD (EXP - IMP),PT. Indah Kiat Pulp & Paper - Karawang,,,KOJA,,,KARAWANG - CAKUNG (FULL)  - 0 - 160,PTR.SQ.1001288,29/07/2026 13:00,21,,,CONFIRM,M. SANDI PRAWIRA,,,
116,SM-D000125,ILS,Tanah Merdeka Petra - Sinarmas,30/07/2026 11:44,F1O0000688 - 274410052,,INDAH KIAT PULP & PAPER TBK.,REGULER TRIP BASIS ( RTB),INDAH KIAT PULP & PAPER TBK.,CNTD40FT-RTB,30/07/2026 18:00,CNTD40FT,,40FT,10,EXPORT,FULL TRUCKING LOAD (EXP - IMP),PT. Indah Kiat Pulp & Paper - Karawang,,,NPCT 1,,,KARAWANG - CAKUNG (FULL)  - 0 - 160,PTR.SQ.1001288,30/07/2026 11:44,10,,,CONFIRM,M. SANDI PRAWIRA,,,
117,SM-D000126,ILS,Tanah Merdeka Petra - Sinarmas,30/07/2026 15:26,F1O0000603 - 862IJP0031609,,INDAH KIAT PULP & PAPER TBK.,REGULER TRIP BASIS ( RTB),INDAH KIAT PULP & PAPER TBK.,CNTD40FT-RTB,31/07/2026 8:00,CNTD40FT,,40FT,6,EXPORT,FULL TRUCKING LOAD (EXP - IMP),PT. Indah Kiat Pulp & Paper - Karawang,,,GL Terminal,,,KARAWANG - CAKUNG (FULL)  - 0 - 160,PTR.SQ.1001288,30/07/2026 15:26,6,,,CONFIRM,M. SANDI PRAWIRA,,,
118,SM-D000127,ILS,Tanah Merdeka Petra - Sinarmas,31/07/2026 10:30,F1O0000658 - 080600467138,,INDAH KIAT PULP & PAPER TBK.,REGULER TRIP BASIS ( RTB),INDAH KIAT PULP & PAPER TBK.,CNTD40FT-RTB,31/07/2026 16:00,CNTD40FT,,40FT,10,EXPORT,FULL TRUCKING LOAD (EXP - IMP),PT. Indah Kiat Pulp & Paper - Karawang,,,MAL/T300,,,KARAWANG - CAKUNG (FULL)  - 0 - 160,PTR.SQ.1001288,30/07/2026 15:26,10,,,CONFIRM,M. SANDI PRAWIRA,,,
119,SM-D000128,ILS,Tanah Merdeka Petra - Sinarmas,31/07/2026 15:27,F1O0000550 - 862IJP0031103,,INDAH KIAT PULP & PAPER TBK.,REGULER TRIP BASIS ( RTB),INDAH KIAT PULP & PAPER TBK.,CNTD40FT-RTB,01/08/2026 8:00,CNTD40FT,,40FT,4,EXPORT,FULL TRUCKING LOAD (EXP - IMP),PT. Indah Kiat Pulp & Paper - Karawang,,,KOJA,,,KARAWANG - CAKUNG (FULL)  - 0 - 160,PTR.SQ.1001288,31/07/2026 15:27,4,,,CONFIRM,M. SANDI PRAWIRA,,,
120,SM-D000129,ILS,Tanah Merdeka Petra - Sinarmas,31/07/2026 15:27,F1O0000757 - GOSUJKT8130223,,INDAH KIAT PULP & PAPER TBK.,REGULER TRIP BASIS ( RTB),INDAH KIAT PULP & PAPER TBK.,CNTD40FT-RTB,01/08/2026 8:00,CNTD40FT,,40FT,18,EXPORT,FULL TRUCKING LOAD (EXP - IMP),PT. Indah Kiat Pulp & Paper - Karawang,,,NPCT 1,,,KARAWANG - CAKUNG (FULL)  - 0 - 160,PTR.SQ.1001288,31/07/2026 15:27,18,,,CONFIRM,M. SANDI PRAWIRA,,,
121,SM-D000130,ILS,Tanah Merdeka Petra - Sinarmas,31/07/2026 15:27,F1O0000710 - 274591944,,INDAH KIAT PULP & PAPER TBK.,REGULER TRIP BASIS ( RTB),INDAH KIAT PULP & PAPER TBK.,CNTD40FT-RTB,01/08/2026 8:00,CNTD40FT,,40FT,6,EXPORT,FULL TRUCKING LOAD (EXP - IMP),PT. Indah Kiat Pulp & Paper - Karawang,,,NPCT 1,,,KARAWANG - CAKUNG (FULL)  - 0 - 160,PTR.SQ.1001288,31/07/2026 15:27,6,,,CONFIRM,M. SANDI PRAWIRA,,,
122,SM-D000131,ILS,Tanah Merdeka Petra - Sinarmas,31/07/2026 15:27,F1O0000516 - 862IJP0031844,,INDAH KIAT PULP & PAPER TBK.,REGULER TRIP BASIS ( RTB),INDAH KIAT PULP & PAPER TBK.,CNTD40FT-RTB,01/08/2026 8:00,CNTD40FT,,40FT,8,EXPORT,FULL TRUCKING LOAD (EXP - IMP),PT. Indah Kiat Pulp & Paper - Karawang,,,KOJA,,,KARAWANG - CAKUNG (FULL)  - 0 - 160,PTR.SQ.1001288,31/07/2026 15:27,8,,,CONFIRM,M. SANDI PRAWIRA,,,
123,SM-D000132,ILS,Tanah Merdeka Petra - Sinarmas,31/07/2026 15:27,F1O0000775 - EBKG17925685,,INDAH KIAT PULP & PAPER TBK.,REGULER TRIP BASIS ( RTB),INDAH KIAT PULP & PAPER TBK.,CNTD40FT-RTB,01/08/2026 8:00,CNTD40FT,,40FT,7,EXPORT,FULL TRUCKING LOAD (EXP - IMP),PT. Indah Kiat Pulp & Paper - Karawang,,,KOJA,,,KARAWANG - CAKUNG (FULL)  - 0 - 160,PTR.SQ.1001288,31/07/2026 15:27,7,,,CONFIRM,M. SANDI PRAWIRA,,,
124,SM-D000133,ILS,Tanah Merdeka Petra - Sinarmas,31/07/2026 15:27,F1O0000740 - 274616648,,INDAH KIAT PULP & PAPER TBK.,REGULER TRIP BASIS ( RTB),INDAH KIAT PULP & PAPER TBK.,CNTD40FT-RTB,02/08/2026 8:00,CNTD40FT,,40FT,13,EXPORT,FULL TRUCKING LOAD (EXP - IMP),PT. Indah Kiat Pulp & Paper - Karawang,,,NPCT 1,,,KARAWANG - CAKUNG (FULL)  - 0 - 160,PTR.SQ.1001288,31/07/2026 15:27,13,,,CANCEL,M. SANDI PRAWIRA,,,
125,SM-D000134,ILS,Tanah Merdeka Petra - Sinarmas,31/07/2026 15:27,F1O0000742 - 274617024,,INDAH KIAT PULP & PAPER TBK.,REGULER TRIP BASIS ( RTB),INDAH KIAT PULP & PAPER TBK.,CNTD40FT-RTB,02/08/2026 8:00,CNTD40FT,,40FT,12,EXPORT,FULL TRUCKING LOAD (EXP - IMP),PT. Indah Kiat Pulp & Paper - Karawang,,,NPCT 1,,,KARAWANG - TANJUNG PRIOK (IKK)  - 0 - 160,PTR.SQ.1001288,31/07/2026 15:27,12,,,CONFIRM,M. SANDI PRAWIRA,,,
126,SM-D000135,ILS,Tanah Merdeka Petra - Sinarmas,31/07/2026 18:48,F1O0000611 - 862IJP0032630,,INDAH KIAT PULP & PAPER TBK.,REGULER TRIP BASIS ( RTB),INDAH KIAT PULP & PAPER TBK.,CNTD40FT-RTB,02/08/2026 8:00,CNTD40FT,,40FT,10,EXPORT,FULL TRUCKING LOAD (EXP - IMP),PT. Indah Kiat Pulp & Paper - Karawang,,,KOJA,,,KARAWANG - TANJUNG PRIOK (IKK)  - 0 - 160,PTR.SQ.1001288,31/07/2026 18:48,10,,,CONFIRM,M. SANDI PRAWIRA,,,
127,SM-D000136,ILS,Tanah Merdeka Petra - Sinarmas,03/08/2026 11:20,SI DO : F1O0000675 - 2334109170,,INDAH KIAT PULP & PAPER TBK.,REGULER TRIP BASIS ( RTB),INDAH KIAT PULP & PAPER TBK.,CNTD40FT-RTB,23/07/2026 10:00,CNTD40FT,,40FT,19,EXPORT,FULL TRUCKING LOAD (EXP - IMP),PT. Indah Kiat Pulp & Paper - Karawang,,,UTC,,,KARAWANG - TANJUNG PRIOK (IKK)  - 0 - 160,PTR.SQ.1001288,22/07/2026 17:30,19,,,CONFIRM,M. SANDI PRAWIRA,,,
128,SM-D000137,ILS,Tanah Merdeka Petra - Sinarmas,31/07/2026 15:27,F1O0000740 - 274616648,,INDAH KIAT PULP & PAPER TBK.,REGULER TRIP BASIS ( RTB),INDAH KIAT PULP & PAPER TBK.,CNTD40FT-RTB,02/08/2026 8:00,CNTD40FT,,40FT,13,EXPORT,FULL TRUCKING LOAD (EXP - IMP),PT. Indah Kiat Pulp & Paper - Karawang,,,NPCT 1,,,KARAWANG - TANJUNG PRIOK (IKK)  - 0 - 160,PTR.SQ.1001288,31/07/2026 15:27,13,,,CONFIRM,M. SANDI PRAWIRA,,,
129,SM-D000138,ILS,Tanah Merdeka Petra - Sinarmas,04/08/2026 13:50,F1O0000573 - EBKG17667437,,INDAH KIAT PULP & PAPER TBK.,REGULER TRIP BASIS ( RTB),INDAH KIAT PULP & PAPER TBK.,CNTD40FT-RTB,05/08/2026 13:50,CNTD40FT,,40FT,1,EXPORT,FULL TRUCKING LOAD (EXP - IMP),BSA,,,NPCT 1,,,Depo BSA & Priok - Pelabuhan Tj Priok - 0 - 0,PTR.SQ.1001288,04/08/2026 13:50,1,,,CONFIRM,M. SANDI PRAWIRA,,,
130,SM-D000139,ILS,Tanah Merdeka Petra - Sinarmas,04/08/2026 14:07,F1O0000567 - EBKG17845180,,INDAH KIAT PULP & PAPER TBK.,REGULER TRIP BASIS ( RTB),INDAH KIAT PULP & PAPER TBK.,CNTD40FT-RTB,05/08/2026 13:50,CNTD40FT,,40FT,1,EXPORT,FULL TRUCKING LOAD (EXP - IMP),BSA,,,KOJA,,,Depo BSA & Priok - Pelabuhan Tj Priok - 0 - 0,PTR.SQ.1001288,04/08/2026 13:50,1,,,CONFIRM,M. SANDI PRAWIRA,,,
131,SM-D000140,ILS,Tanah Merdeka Petra - Sinarmas,04/08/2026 15:09,F1O0000639,,INDAH KIAT PULP & PAPER TBK.,REGULER TRIP BASIS ( RTB),INDAH KIAT PULP & PAPER TBK.,CNTD40FT-RTB,05/08/2026 13:50,CNTD40FT,,40FT,25,EXPORT,FULL TRUCKING LOAD (EXP - IMP),BSA,,,KOJA,,,Depo BSA & Priok - Pelabuhan Tj Priok - 0 - 0,PTR.SQ.1001288,04/08/2026 13:50,25,,,CONFIRM,M. SANDI PRAWIRA,,,
132,SM-D000141,ILS,Tanah Merdeka Petra - Sinarmas,04/08/2026 15:29,F1O0000615 - 862IJP0031608,,INDAH KIAT PULP & PAPER TBK.,REGULER TRIP BASIS ( RTB),INDAH KIAT PULP & PAPER TBK.,CNTD40FT-RTB,05/08/2026 13:50,CNTD40FT,,40FT,2,EXPORT,FULL TRUCKING LOAD (EXP - IMP),BSA,,,NPCT 1,,,Depo BSA & Priok - Pelabuhan Tj Priok - 0 - 0,PTR.SQ.1001288,04/08/2026 13:50,2,,,CONFIRM,M. SANDI PRAWIRA,,,
133,SM-D000142,ILS,Tanah Merdeka Petra - Sinarmas,04/08/2026 10:19,F1O0000811 - 2334719801,,INDAH KIAT PULP & PAPER TBK.,REGULER TRIP BASIS ( RTB),INDAH KIAT PULP & PAPER TBK.,CNTD40FT-RTB,05/08/2026 8:00,CNTD40FT,,40FT,14,EXPORT,FULL TRUCKING LOAD (EXP - IMP),PT. Indah Kiat Pulp & Paper - Karawang,,,UTC,,,KARAWANG - TANJUNG PRIOK (IKK)  - 0 - 160,PTR.SQ.1001288,04/08/2026 10:19,14,,,CONFIRM,M. SANDI PRAWIRA,,,
134,SM-D000143,ILS,Tanah Merdeka Petra - Sinarmas,04/08/2026 10:19,F1O0000827 - GOSUJKT8130535,,INDAH KIAT PULP & PAPER TBK.,REGULER TRIP BASIS ( RTB),INDAH KIAT PULP & PAPER TBK.,CNTD40FT-RTB,05/08/2026 8:00,CNTD40FT,,40FT,7,EXPORT,FULL TRUCKING LOAD (EXP - IMP),PT. Indah Kiat Pulp & Paper - Karawang,,,UTC,,,KARAWANG - TANJUNG PRIOK (IKK)  - 0 - 160,PTR.SQ.1001288,04/08/2026 10:19,7,,,CONFIRM,M. SANDI PRAWIRA,,,
135,SM-D000144,ILS,Tanah Merdeka Petra - Sinarmas,05/08/2026 10:09,F1O0000718 - 080600476650,,INDAH KIAT PULP & PAPER TBK.,REGULER TRIP BASIS ( RTB),INDAH KIAT PULP & PAPER TBK.,CNTD40FT-RTB,05/08/2026 8:00,CNTD40FT,,40FT,8,EXPORT,FULL TRUCKING LOAD (EXP - IMP),PT. Indah Kiat Pulp & Paper - Karawang,,,MAL/T300,,,KARAWANG - TANJUNG PRIOK (IKK)  - 0 - 160,PTR.SQ.1001288,05/08/2026 10:09,8,,,CONFIRM,M. SANDI PRAWIRA,,,
136,SM-D000145,ILS,Tanah Merdeka Petra - Sinarmas,05/08/2026 10:09,F1O0000867 - 2334861290,,INDAH KIAT PULP & PAPER TBK.,REGULER TRIP BASIS ( RTB),INDAH KIAT PULP & PAPER TBK.,CNTD40FT-RTB,05/08/2026 8:00,CNTD40FT,,40FT,4,EXPORT,FULL TRUCKING LOAD (EXP - IMP),PT. Indah Kiat Pulp & Paper - Karawang,,,PELINDO/ TERMINAL 3,,,KARAWANG - TANJUNG PRIOK (IKK)  - 0 - 160,PTR.SQ.1001288,05/08/2026 10:09,4,,,CONFIRM,M. SANDI PRAWIRA,,,
137,SM-D000146,ILS,Tanah Merdeka Petra - Sinarmas,05/08/2026 10:09,F1O0000704 - 2334239700,,INDAH KIAT PULP & PAPER TBK.,REGULER TRIP BASIS ( RTB),INDAH KIAT PULP & PAPER TBK.,CNTD40FT-RTB,05/08/2026 21:00,CNTD40FT,,40FT,40,EXPORT,FULL TRUCKING LOAD (EXP - IMP),PT Bunga Plum Logistik,,,DEPO PDT,,,Depo Arround Priok - Pancaran Depo  - 0 - 36,PTR.SQ.1001288,05/08/2026 10:09,40,,,CONFIRM,M. SANDI PRAWIRA,,,
138,SM-D000147,ILS,Tanah Merdeka Petra - Sinarmas,05/08/2026 16:59,F1O0000673 - 2334719804,,INDAH KIAT PULP & PAPER TBK.,REGULER TRIP BASIS ( RTB),INDAH KIAT PULP & PAPER TBK.,CNTD40FT-RTB,05/08/2026 21:00,CNTD40FT,,40FT,14,EXPORT,FULL TRUCKING LOAD (EXP - IMP),PT. Indah Kiat Pulp & Paper - Karawang,,,UTC,,,KARAWANG - TANJUNG PRIOK (IKK)  - 0 - 160,PTR.SQ.1001288,05/08/2026 16:59,14,,,CONFIRM,M. SANDI PRAWIRA,,,
139,SM-D000148,ILS,Tanah Merdeka Petra - Sinarmas,05/08/2026 17:00,F1O0000775 - EBKG17925685,,INDAH KIAT PULP & PAPER TBK.,REGULER TRIP BASIS ( RTB),INDAH KIAT PULP & PAPER TBK.,CNTD40FT-RTB,01/08/2026 8:00,CNTD40FT,,40FT,7,EXPORT,FULL TRUCKING LOAD (EXP - IMP),PT. Indah Kiat Pulp & Paper - Karawang,,,KOJA,,,KARAWANG - TANJUNG PRIOK (IKK)  - 0 - 160,PTR.SQ.1001288,31/07/2026 15:27,7,,,CONFIRM,M. SANDI PRAWIRA,,,
140,SM-D000149,ILS,Tanah Merdeka Petra - Sinarmas,06/08/2026 14:27,F1O0000659 - GOSUJKT8129812,,INDAH KIAT PULP & PAPER TBK.,REGULER TRIP BASIS ( RTB),INDAH KIAT PULP & PAPER TBK.,CNTD40FT-RTB,06/08/2026 16:00,CNTD40FT,,40FT,2,EXPORT,FULL TRUCKING LOAD (EXP - IMP),PT. Indah Kiat Pulp & Paper - Karawang,,,PELINDO/ TERMINAL 3,,,KARAWANG - TANJUNG PRIOK (IKK)  - 0 - 160,PTR.SQ.1001288,06/08/2026 14:27,2,,,CONFIRM,M. SANDI PRAWIRA,,,
141,SM-D000150,ILS,Tanah Merdeka Petra - Sinarmas,06/08/2026 14:27,F1O0000765 - GOSUJKT8129891,,INDAH KIAT PULP & PAPER TBK.,REGULER TRIP BASIS ( RTB),INDAH KIAT PULP & PAPER TBK.,CNTD40FT-RTB,06/08/2026 16:00,CNTD40FT,,40FT,2,EXPORT,FULL TRUCKING LOAD (EXP - IMP),PT. Indah Kiat Pulp & Paper - Karawang,,,PELINDO/ TERMINAL 3,,,KARAWANG - TANJUNG PRIOK (IKK)  - 0 - 160,PTR.SQ.1001288,06/08/2026 14:27,2,,,CONFIRM,M. SANDI PRAWIRA,,,
142,SM-D000151,ILS,Tanah Merdeka Petra - Sinarmas,06/08/2026 16:26,F1O0000772 - JKTG49653800,,INDAH KIAT PULP & PAPER TBK.,REGULER TRIP BASIS ( RTB),INDAH KIAT PULP & PAPER TBK.,CNTD40FT-RTB,06/08/2026 23:00,CNTD40FT,,40FT,6,EXPORT,FULL TRUCKING LOAD (EXP - IMP),BSA,,,MAL/T300,,,Depo BSA & Priok - Pelabuhan Tj Priok - 0 - 0,PTR.SQ.1001288,06/08/2026 14:27,6,,,CONFIRM,M. SANDI PRAWIRA,,,
143,SM-D000152,ILS,Tanah Merdeka Petra - Sinarmas,06/08/2026 21:33,F1O0000773 - JKTG50056400,,INDAH KIAT PULP & PAPER TBK.,REGULER TRIP BASIS ( RTB),INDAH KIAT PULP & PAPER TBK.,CNTD40FT-RTB,07/08/2026 16:00,CNTD40FT,,40FT,10,EXPORT,FULL TRUCKING LOAD (EXP - IMP),PT. Indah Kiat Pulp & Paper - Karawang,,,MAL/T300,,,KARAWANG - TANJUNG PRIOK (IKK)  - 0 - 160,PTR.SQ.1001288,06/08/2026 21:33,10,,,CONFIRM,M. SANDI PRAWIRA,,,
144,SM-D000153,ILS,Tanah Merdeka Petra - Sinarmas,07/08/2026 13:43,F1O0000842 - 274407549,,INDAH KIAT PULP & PAPER TBK.,REGULER TRIP BASIS ( RTB),INDAH KIAT PULP & PAPER TBK.,CNTD40FT-RTB,09/08/2026 21:00,CNTD40FT,,40FT,11,EXPORT,FULL TRUCKING LOAD (EXP - IMP),PT. Indah Kiat Pulp & Paper - Karawang,,,NPCT 1,,,KARAWANG - TANJUNG PRIOK (IKK)  - 0 - 160,PTR.SQ.1001288,07/08/2026 13:43,11,,,CONFIRM,M. SANDI PRAWIRA,,,
145,SM-D000154,ILS,Tanah Merdeka Petra - Sinarmas,08/08/2026 17:43,F1O0000499  & F1O0000501,,INDAH KIAT PULP & PAPER TBK.,REGULER TRIP BASIS ( RTB),INDAH KIAT PULP & PAPER TBK.,CNTD40FT-RTB,08/08/3036 21:00,CNTD40FT,,40FT,14,EXPORT,FULL TRUCKING LOAD (EXP - IMP),PT. Indah Kiat Pulp & Paper - Karawang,,,PLB Karawang,,,KARAWANG - TANJUNG PRIOK (IKK)  - 0 - 160,PTR.SQ.1001288,08/08/2026 17:43,14,,,CONFIRM,M. SANDI PRAWIRA,,,
146,SM-D000155,ILS,Tanah Merdeka Petra - Sinarmas,10/08/2026 10:16,F1O0000636 - 2332476720 - 2334608990,,INDAH KIAT PULP & PAPER TBK.,REGULER TRIP BASIS ( RTB),INDAH KIAT PULP & PAPER TBK.,CNTD40FT-RTB,10/08/2026 12:00,CNTD40FT,,40FT,20,EXPORT,FULL TRUCKING LOAD (EXP - IMP),PT. Indah Kiat Pulp & Paper - Karawang,,,UTC,,,KARAWANG - TANJUNG PRIOK (IKK)  - 0 - 160,PTR.SQ.1001288,10/08/2026 10:16,20,,,CONFIRM,M. SANDI PRAWIRA,,,
147,SM-D000156,ILS,Tanah Merdeka Petra - Sinarmas,10/08/2026 14:10,F1O0000856 - GOSUJKT8130803,,INDAH KIAT PULP & PAPER TBK.,REGULER TRIP BASIS ( RTB),INDAH KIAT PULP & PAPER TBK.,CNTD40FT-RTB,10/08/2026 21:00,CNTD40FT,,40FT,8,EXPORT,FULL TRUCKING LOAD (EXP - IMP),PT. Indah Kiat Pulp & Paper - Karawang,,,PLB Karawang,,,KARAWANG - TANJUNG PRIOK (IKK)  - 0 - 160,PTR.SQ.1001288,10/08/2026 14:10,8,,,CONFIRM,M. SANDI PRAWIRA,,,
148,SM-D000157,ILS,Tanah Merdeka Petra - Sinarmas,10/08/2026 15:00,F1O0000683 - 274459456,,INDAH KIAT PULP & PAPER TBK.,REGULER TRIP BASIS ( RTB),INDAH KIAT PULP & PAPER TBK.,CNTD40FT-RTB,10/08/2026 21:00,CNTD40FT,,40FT,13,EXPORT,FULL TRUCKING LOAD (EXP - IMP),PT. Indah Kiat Pulp & Paper - Karawang,,,PLB Karawang,,,KARAWANG - TANJUNG PRIOK (IKK)  - 0 - 160,PTR.SQ.1001288,10/08/2026 15:00,13,,,CONFIRM,M. SANDI PRAWIRA,,,
149,SM-D000158,ILS,Tanah Merdeka Petra - Sinarmas,10/08/2026 15:00,F1O0000700 - 274529892,,INDAH KIAT PULP & PAPER TBK.,REGULER TRIP BASIS ( RTB),INDAH KIAT PULP & PAPER TBK.,CNTD40FT-RTB,10/08/2026 21:00,CNTD40FT,,40FT,1,EXPORT,FULL TRUCKING LOAD (EXP - IMP),PT. Indah Kiat Pulp & Paper - Karawang,,,PLB Karawang,,,KARAWANG - TANJUNG PRIOK (IKK)  - 0 - 160,PTR.SQ.1001288,10/08/2026 15:00,1,,,CONFIRM,M. SANDI PRAWIRA,,,
150,SM-D000159,ILS,Tanah Merdeka Petra - Sinarmas,10/08/2026 16:16,F1O0000871 - GOSUJKT8129985,,INDAH KIAT PULP & PAPER TBK.,REGULER TRIP BASIS ( RTB),INDAH KIAT PULP & PAPER TBK.,CNTD40FT-RTB,10/08/2026 16:00,CNTD40FT,,40FT,5,EXPORT,FULL TRUCKING LOAD (EXP - IMP),PT. Indah Kiat Pulp & Paper - Karawang,,,PELINDO/ TERMINAL 3,,,KARAWANG - TANJUNG PRIOK (IKK)  - 0 - 160,PTR.SQ.1001288,10/08/2026 16:16,5,,,CONFIRM,M. SANDI PRAWIRA,,,
151,SM-D000160,ILS,Tanah Merdeka Petra - Sinarmas,11/08/2026 11:05,F1O0000744 - GOSUJKT8130166,,INDAH KIAT PULP & PAPER TBK.,REGULER TRIP BASIS ( RTB),INDAH KIAT PULP & PAPER TBK.,CNTD40FT-RTB,11/08/2026 18:00,CNTD40FT,,40FT,18,EXPORT,FULL TRUCKING LOAD (EXP - IMP),PT. Indah Kiat Pulp & Paper - Karawang,,,PLB Karawang,,,KARAWANG - TANJUNG PRIOK (IKK)  - 0 - 160,PTR.SQ.1001288,11/08/2026 11:05,18,,,CONFIRM,M. SANDI PRAWIRA,,,
152,SM-D000161,ILS,Tanah Merdeka Petra - Sinarmas,11/08/2026 11:05,F1O0000695 - 2334654580,,INDAH KIAT PULP & PAPER TBK.,REGULER TRIP BASIS ( RTB),INDAH KIAT PULP & PAPER TBK.,CNTD40FT-RTB,11/08/2026 18:00,CNTD40FT,,40FT,9,EXPORT,FULL TRUCKING LOAD (EXP - IMP),PT. Indah Kiat Pulp & Paper - Karawang,,,PLB Karawang,,,KARAWANG - TANJUNG PRIOK (IKK)  - 0 - 160,PTR.SQ.1001288,11/08/2026 11:05,9,,,CONFIRM,M. SANDI PRAWIRA,,,
153,SM-D000162,ILS,Tanah Merdeka Petra - Sinarmas,11/08/2026 14:09,F1O0000571 - 2334757470,,INDAH KIAT PULP & PAPER TBK.,REGULER TRIP BASIS ( RTB),INDAH KIAT PULP & PAPER TBK.,CNTD40FT-RTB,11/08/2026 18:00,CNTD40FT,,40FT,14,EXPORT,FULL TRUCKING LOAD (EXP - IMP),PT. Indah Kiat Pulp & Paper - Karawang,,,GL Terminal,,,KARAWANG - CAKUNG (FULL)  - 0 - 160,PTR.SQ.1001288,11/08/2026 11:05,14,,,CONFIRM,M. SANDI PRAWIRA,,,
154,SM-D000163,ILS,Tanah Merdeka Petra - Sinarmas,11/08/2026 14:09,F1O0000853 - 34960240,,INDAH KIAT PULP & PAPER TBK.,REGULER TRIP BASIS ( RTB),INDAH KIAT PULP & PAPER TBK.,CNTD40FT-RTB,11/08/2026 18:00,CNTD40FT,,40FT,2,EXPORT,FULL TRUCKING LOAD (EXP - IMP),PT. Indah Kiat Pulp & Paper - Karawang,,,GL Terminal,,,KARAWANG - CAKUNG (FULL)  - 0 - 160,PTR.SQ.1001288,11/08/2026 11:05,2,,,CONFIRM,M. SANDI PRAWIRA,,,
155,SM-D000164,ILS,Tanah Merdeka Petra - Sinarmas,11/08/2026 16:57,F1O0000945 - 2336107850,,INDAH KIAT PULP & PAPER TBK.,REGULER TRIP BASIS ( RTB),INDAH KIAT PULP & PAPER TBK.,CNTD40FT-RTB,11/08/2026 18:00,CNTD40FT,,40FT,10,EXPORT,FULL TRUCKING LOAD (EXP - IMP),PT. Indah Kiat Pulp & Paper - Karawang,,,KOJA,,,KARAWANG - TANJUNG PRIOK (IKK)  - 0 - 160,PTR.SQ.1001288,11/08/2026 16:57,10,,,CONFIRM,M. SANDI PRAWIRA,,,
156,SM-D000165,ILS,Tanah Merdeka Petra - Sinarmas,11/08/2026 16:57,F1O0000676 - EBKG18137966,,INDAH KIAT PULP & PAPER TBK.,REGULER TRIP BASIS ( RTB),INDAH KIAT PULP & PAPER TBK.,CNTD40FT-RTB,12/08/2026 18:00,CNTD40FT,,40FT,10,EXPORT,FULL TRUCKING LOAD (EXP - IMP),PT. Indah Kiat Pulp & Paper - Karawang,,,KOJA,,,KARAWANG - TANJUNG PRIOK (IKK)  - 0 - 160,PTR.SQ.1001288,11/08/2026 16:57,10,,,CONFIRM,M. SANDI PRAWIRA,,,
157,SM-D000166,ILS,Tanah Merdeka Petra - Sinarmas,12/08/2026 11:45,F1O0000753 - JKTG62568800,,INDAH KIAT PULP & PAPER TBK.,REGULER TRIP BASIS ( RTB),INDAH KIAT PULP & PAPER TBK.,CNTD40FT-RTB,12/08/2026 18:00,CNTD40FT,,40FT,2,EXPORT,FULL TRUCKING LOAD (EXP - IMP),PT. Indah Kiat Pulp & Paper - Karawang,,,PLB Karawang,,,KARAWANG - TANJUNG PRIOK (IKK)  - 0 - 160,PTR.SQ.1001288,12/08/2026 11:45,2,,,CONFIRM,M. SANDI PRAWIRA,,,
158,SM-D000167,ILS,Tanah Merdeka Petra - Sinarmas,12/08/2026 14:39,F1O0000936 - 2334757471,,INDAH KIAT PULP & PAPER TBK.,REGULER TRIP BASIS ( RTB),INDAH KIAT PULP & PAPER TBK.,CNTD40FT-RTB,12/08/2026 18:00,CNTD40FT,,40FT,8,EXPORT,FULL TRUCKING LOAD (EXP - IMP),PT. Indah Kiat Pulp & Paper - Karawang,,,GL Terminal,,,KARAWANG - CAKUNG (FULL)  - 0 - 160,PTR.SQ.1001288,12/08/2026 14:39,8,,,CONFIRM,M. SANDI PRAWIRA,,,
159,SM-D000168,ILS,Tanah Merdeka Petra - Sinarmas,13/08/2026 10:30,F1O0000844 - 2335682550,,INDAH KIAT PULP & PAPER TBK.,REGULER TRIP BASIS ( RTB),INDAH KIAT PULP & PAPER TBK.,CNTD40FT-RTB,13/08/2026 16:00,CNTD40FT,,40FT,1,EXPORT,FULL TRUCKING LOAD (EXP - IMP),PT. Indah Kiat Pulp & Paper - Karawang,,,GL Terminal,,,KARAWANG - CAKUNG (FULL)  - 0 - 160,PTR.SQ.1001288,13/08/2026 10:30,1,,,CONFIRM,M. SANDI PRAWIRA,,,
160,SM-D000169,ILS,Tanah Merdeka Petra - Sinarmas,13/08/2026 10:37,F1O0000829 F1H0000786 - EBKG17947077,,INDAH KIAT PULP & PAPER TBK.,REGULER TRIP BASIS ( RTB),INDAH KIAT PULP & PAPER TBK.,CNTD40FT-RTB,13/08/2026 16:00,CNTD40FT,,40FT,1,EXPORT,FULL TRUCKING LOAD (EXP - IMP),PT. Indah Kiat Pulp & Paper - Karawang,,,GL Terminal,,,KARAWANG - CAKUNG (FULL)  - 0 - 160,PTR.SQ.1001288,13/08/2026 10:37,1,,,CONFIRM,M. SANDI PRAWIRA,,,
161,SM-D000170,ILS,Tanah Merdeka Petra - Sinarmas,13/08/2026 10:50,F1O0000886 - 2334240470,,INDAH KIAT PULP & PAPER TBK.,REGULER TRIP BASIS ( RTB),INDAH KIAT PULP & PAPER TBK.,CNTD40FT-RTB,13/08/2026 16:00,CNTD40FT,,40FT,8,EXPORT,FULL TRUCKING LOAD (EXP - IMP),PT. Indah Kiat Pulp & Paper - Karawang,,,PLB Karawang,,,KARAWANG - TANJUNG PRIOK (IKK)  - 0 - 160,PTR.SQ.1001288,13/08/2026 10:50,8,,,CONFIRM,M. SANDI PRAWIRA,,,
162,SM-D000171,ILS,Tanah Merdeka Petra - Sinarmas,13/08/2026 10:50,F1O0000887 - 2334719806 GOSUJKT8131445,,INDAH KIAT PULP & PAPER TBK.,REGULER TRIP BASIS ( RTB),INDAH KIAT PULP & PAPER TBK.,CNTD40FT-RTB,13/08/2026 16:00,CNTD40FT,,40FT,3,EXPORT,FULL TRUCKING LOAD (EXP - IMP),PT. Indah Kiat Pulp & Paper - Karawang,,,PLB Karawang,,,KARAWANG - TANJUNG PRIOK (IKK)  - 0 - 160,PTR.SQ.1001288,13/08/2026 10:50,3,,,CONFIRM,M. SANDI PRAWIRA,,,
163,SM-D000172,ILS,Tanah Merdeka Petra - Sinarmas,13/08/2026 10:50,F1O0000888 -GOSUJKT8131561,,INDAH KIAT PULP & PAPER TBK.,REGULER TRIP BASIS ( RTB),INDAH KIAT PULP & PAPER TBK.,CNTD40FT-RTB,13/08/2026 16:00,CNTD40FT,,40FT,3,EXPORT,FULL TRUCKING LOAD (EXP - IMP),PT. Indah Kiat Pulp & Paper - Karawang,,,PLB Karawang,,,KARAWANG - TANJUNG PRIOK (IKK)  - 0 - 160,PTR.SQ.1001288,13/08/2026 10:50,3,,,CONFIRM,M. SANDI PRAWIRA,,,
164,SM-D000173,ILS,Tanah Merdeka Petra - Sinarmas,13/08/2026 10:50,F1O0000889 - GOSUJKT8131198,,INDAH KIAT PULP & PAPER TBK.,REGULER TRIP BASIS ( RTB),INDAH KIAT PULP & PAPER TBK.,CNTD40FT-RTB,13/08/2026 16:00,CNTD40FT,,40FT,5,EXPORT,FULL TRUCKING LOAD (EXP - IMP),PT. Indah Kiat Pulp & Paper - Karawang,,,PLB Karawang,,,KARAWANG - TANJUNG PRIOK (IKK)  - 0 - 160,PTR.SQ.1001288,13/08/2026 10:50,5,,,CONFIRM,M. SANDI PRAWIRA,,,
165,SM-D000174,ILS,Tanah Merdeka Petra - Sinarmas,13/08/2026 11:55,F1O0000854 - EBKG18043755,,INDAH KIAT PULP & PAPER TBK.,REGULER TRIP BASIS ( RTB),INDAH KIAT PULP & PAPER TBK.,CNTD40FT-RTB,13/08/2026 16:00,CNTD40FT,,40FT,2,EXPORT,FULL TRUCKING LOAD (EXP - IMP),PT. Indah Kiat Pulp & Paper - Karawang,,,GL Terminal,,,KARAWANG - CAKUNG (FULL)  - 0 - 160,PTR.SQ.1001288,13/08/2026 11:55,2,,,CONFIRM,M. SANDI PRAWIRA,,,
166,SM-D000175,ILS,Tanah Merdeka Petra - Sinarmas,13/08/2026 11:55,F1O0000511 - 862IJP0031175,,INDAH KIAT PULP & PAPER TBK.,REGULER TRIP BASIS ( RTB),INDAH KIAT PULP & PAPER TBK.,CNTD40FT-RTB,13/08/2026 16:00,CNTD40FT,,40FT,4,EXPORT,FULL TRUCKING LOAD (EXP - IMP),PT. Indah Kiat Pulp & Paper - Karawang,,,GL Terminal,,,KARAWANG - CAKUNG (FULL)  - 0 - 160,PTR.SQ.1001288,13/08/2026 11:55,4,,,CONFIRM,M. SANDI PRAWIRA,,,
167,SM-D000176,ILS,Tanah Merdeka Petra - Sinarmas,13/08/2026 16:12,F1O0000684 - EBKG17882395,,INDAH KIAT PULP & PAPER TBK.,REGULER TRIP BASIS ( RTB),INDAH KIAT PULP & PAPER TBK.,CNTD40FT-RTB,13/08/2026 16:00,CNTD40FT,,40FT,3,EXPORT,FULL TRUCKING LOAD (EXP - IMP),PT. Indah Kiat Pulp & Paper - Karawang,,,KOJA,,,KARAWANG - TANJUNG PRIOK (IKK)  - 0 - 160,PTR.SQ.1001288,13/08/2026 16:12,3,,,CONFIRM,M. SANDI PRAWIRA,,,
168,SM-D000177,ILS,Tanah Merdeka Petra - Sinarmas,13/08/2026 16:12,F1O0000719 - 862IJP0034556,,INDAH KIAT PULP & PAPER TBK.,REGULER TRIP BASIS ( RTB),INDAH KIAT PULP & PAPER TBK.,CNTD40FT-RTB,13/08/2026 16:00,CNTD40FT,,40FT,1,EXPORT,FULL TRUCKING LOAD (EXP - IMP),PT. Indah Kiat Pulp & Paper - Karawang,,,NPCT 1,,,KARAWANG - TANJUNG PRIOK (IKK)  - 0 - 160,PTR.SQ.1001288,13/08/2026 16:12,1,,,CONFIRM,M. SANDI PRAWIRA,,,
169,SM-D000178,ILS,Tanah Merdeka Petra - Sinarmas,13/08/2026 17:27,F1O0000798 - EBKG17941998,,INDAH KIAT PULP & PAPER TBK.,REGULER TRIP BASIS ( RTB),INDAH KIAT PULP & PAPER TBK.,CNTD40FT-RTB,13/08/2026 21:00,CNTD40FT,,40FT,7,EXPORT,FULL TRUCKING LOAD (EXP - IMP),PT. Indah Kiat Pulp & Paper - Karawang,,,KOJA,,,KARAWANG - TANJUNG PRIOK (IKK)  - 0 - 160,PTR.SQ.1001288,13/08/2026 17:27,7,,,CONFIRM,M. SANDI PRAWIRA,,,
170,SM-D000179,ILS,Tanah Merdeka Petra - Sinarmas,14/08/2026 10:05,F1O0000734 - 274614890,,INDAH KIAT PULP & PAPER TBK.,REGULER TRIP BASIS ( RTB),INDAH KIAT PULP & PAPER TBK.,CNTD40FT-RTB,14/08/2026 13:00,CNTD40FT,,40FT,10,EXPORT,FULL TRUCKING LOAD (EXP - IMP),PT. Indah Kiat Pulp & Paper - Karawang,,,NPCT 1,,,KARAWANG - TANJUNG PRIOK (IKK)  - 0 - 160,PTR.SQ.1001288,14/08/2026 10:05,10,,,CONFIRM,M. SANDI PRAWIRA,,,
171,SM-D000180,ILS,Tanah Merdeka Petra - Sinarmas,14/08/2026 10:05,F1O0000730 - 274604353,,INDAH KIAT PULP & PAPER TBK.,REGULER TRIP BASIS ( RTB),INDAH KIAT PULP & PAPER TBK.,CNTD40FT-RTB,14/08/2026 13:00,CNTD40FT,,40FT,6,EXPORT,FULL TRUCKING LOAD (EXP - IMP),PT. Indah Kiat Pulp & Paper - Karawang,,,NPCT 1,,,KARAWANG - TANJUNG PRIOK (IKK)  - 0 - 160,PTR.SQ.1001288,14/08/2026 10:05,6,,,CONFIRM,M. SANDI PRAWIRA,,,
172,SM-D000181,ILS,Tanah Merdeka Petra - Sinarmas,14/08/2026 13:39,F1O0000725 - 274599997,,INDAH KIAT PULP & PAPER TBK.,REGULER TRIP BASIS ( RTB),INDAH KIAT PULP & PAPER TBK.,CNTD40FT-RTB,17/08/2026 21:00,CNTD40FT,,40FT,25,EXPORT,FULL TRUCKING LOAD (EXP - IMP),PT. Indah Kiat Pulp & Paper - Karawang,,,NPCT 1,,,KARAWANG - TANJUNG PRIOK (IKK)  - 0 - 160,PTR.SQ.1001288,14/08/2026 13:39,25,,,CONFIRM,M. SANDI PRAWIRA,,,
173,SM-D000182,ILS,Tanah Merdeka Petra - Sinarmas,14/08/2026 13:52,F1O0000706 - 274530152,,INDAH KIAT PULP & PAPER TBK.,REGULER TRIP BASIS ( RTB),INDAH KIAT PULP & PAPER TBK.,CNTD40FT-RTB,19/08/2026 12:00,CNTD40FT,,40FT,13,EXPORT,FULL TRUCKING LOAD (EXP - IMP),PT. Indah Kiat Pulp & Paper - Karawang,,,NPCT 1,,,KARAWANG - TANJUNG PRIOK (IKK)  - 0 - 160,PTR.SQ.1001288,14/08/2026 13:52,13,,,CONFIRM,M. SANDI PRAWIRA,,,
174,SM-D000183,ILS,Tanah Merdeka Petra - Sinarmas,14/08/2026 14:41,F1O0000562 - 862IJP0032205,,INDAH KIAT PULP & PAPER TBK.,REGULER TRIP BASIS ( RTB),INDAH KIAT PULP & PAPER TBK.,CNTD40FT-RTB,15/08/2026 14:41,CNTD40FT,,40FT,1,EXPORT,FULL TRUCKING LOAD (EXP - IMP),PT. Indah Kiat Pulp & Paper - Karawang,,,NPCT 1,,,KARAWANG - TANJUNG PRIOK (IKK)  - 0 - 160,PTR.SQ.1001288,14/08/2026 14:41,1,,,CONFIRM,M. SANDI PRAWIRA,,,
175,SM-D000184,ILS,Tanah Merdeka Petra - Sinarmas,14/08/2026 14:41,F1O0000581 - JKTG56258700,,INDAH KIAT PULP & PAPER TBK.,REGULER TRIP BASIS ( RTB),INDAH KIAT PULP & PAPER TBK.,CNTD40FT-RTB,15/08/2026 14:41,CNTD40FT,,40FT,2,EXPORT,FULL TRUCKING LOAD (EXP - IMP),PT. Indah Kiat Pulp & Paper - Karawang,,,UTC,,,KARAWANG - TANJUNG PRIOK (IKK)  - 0 - 160,PTR.SQ.1001288,14/08/2026 14:41,2,,,CONFIRM,M. SANDI PRAWIRA,,,
176,SM-D000185,ILS,Tanah Merdeka Petra - Sinarmas,14/08/2026 14:41,F1O0000712 - 862IJP0034548,,INDAH KIAT PULP & PAPER TBK.,REGULER TRIP BASIS ( RTB),INDAH KIAT PULP & PAPER TBK.,CNTD40FT-RTB,15/08/2026 14:41,CNTD40FT,,40FT,4,EXPORT,FULL TRUCKING LOAD (EXP - IMP),PT. Indah Kiat Pulp & Paper - Karawang,,,NPCT 1,,,KARAWANG - TANJUNG PRIOK (IKK)  - 0 - 160,PTR.SQ.1001288,14/08/2026 14:41,4,,,CONFIRM,M. SANDI PRAWIRA,,,
177,SM-D000186,ILS,Tanah Merdeka Petra - Sinarmas,14/08/2026 14:41,F1O0000853 - 34960240,,INDAH KIAT PULP & PAPER TBK.,REGULER TRIP BASIS ( RTB),INDAH KIAT PULP & PAPER TBK.,CNTD40FT-RTB,15/08/2026 14:41,CNTD40FT,,40FT,6,EXPORT,FULL TRUCKING LOAD (EXP - IMP),PT. Indah Kiat Pulp & Paper - Karawang,,,NPCT 1,,,KARAWANG - TANJUNG PRIOK (IKK)  - 0 - 160,PTR.SQ.1001288,14/08/2026 14:41,6,,,CONFIRM,M. SANDI PRAWIRA,,,
178,SM-D000187,ILS,Tanah Merdeka Petra - Sinarmas,14/08/2026 14:41,F1O0000719 - 862IJP0034556,,INDAH KIAT PULP & PAPER TBK.,REGULER TRIP BASIS ( RTB),INDAH KIAT PULP & PAPER TBK.,CNTD40FT-RTB,15/08/2026 14:41,CNTD40FT,,40FT,3,EXPORT,FULL TRUCKING LOAD (EXP - IMP),PT. Indah Kiat Pulp & Paper - Karawang,,,NPCT 1,,,KARAWANG - TANJUNG PRIOK (IKK)  - 0 - 160,PTR.SQ.1001288,14/08/2026 14:41,3,,,CONFIRM,M. SANDI PRAWIRA,,,
179,SM-D000188,ILS,Tanah Merdeka Petra - Sinarmas,14/08/2026 15:26,F1O0000877 - JKTG66078800,,INDAH KIAT PULP & PAPER TBK.,REGULER TRIP BASIS ( RTB),INDAH KIAT PULP & PAPER TBK.,CNTD40FT-RTB,15/08/2026 14:41,CNTD40FT,,40FT,4,EXPORT,FULL TRUCKING LOAD (EXP - IMP),PT. Indah Kiat Pulp & Paper - Karawang,,,MAL/T300,,,KARAWANG - TANJUNG PRIOK (IKK)  - 0 - 160,PTR.SQ.1001288,14/08/2026 15:26,4,,,CONFIRM,M. SANDI PRAWIRA,,,
180,SM-D000189,ILS,Tanah Merdeka Petra - Sinarmas,14/08/2026 21:20,F1O0000742 - 274617024,,INDAH KIAT PULP & PAPER TBK.,REGULER TRIP BASIS ( RTB),INDAH KIAT PULP & PAPER TBK.,CNTD40FT-RTB,15/08/2026 8:00,CNTD40FT,,40FT,2,EXPORT,FULL TRUCKING LOAD (EXP - IMP),PT. Indah Kiat Pulp & Paper - Karawang,,,NPCT 1,,,KARAWANG - TANJUNG PRIOK (IKK)  - 0 - 160,PTR.SQ.1001288,14/08/2026 21:20,2,,,CONFIRM,M. SANDI PRAWIRA,,,
181,SM-D000190,ILS,Tanah Merdeka Petra - Sinarmas,14/08/2026 17:27,F1O0000594 - JKTG56250600,,INDAH KIAT PULP & PAPER TBK.,REGULER TRIP BASIS ( RTB),INDAH KIAT PULP & PAPER TBK.,CNTD40FT-RTB,17/08/2026 8:00,CNTD40FT,,40FT,1,EXPORT,FULL TRUCKING LOAD (EXP - IMP),PT. Indah Kiat Pulp & Paper - Karawang,,,KOJA,,,KARAWANG - TANJUNG PRIOK (IKK)  - 0 - 160,PTR.SQ.1001288,14/08/2026 17:27,1,,,CONFIRM,M. SANDI PRAWIRA,,,
182,SM-D000191,ILS,Tanah Merdeka Petra - Sinarmas,14/08/2026 17:27,F1O0000756 - 274662974,,INDAH KIAT PULP & PAPER TBK.,REGULER TRIP BASIS ( RTB),INDAH KIAT PULP & PAPER TBK.,CNTD40FT-RTB,19/08/2026 8:00,CNTD40FT,,40FT,5,EXPORT,FULL TRUCKING LOAD (EXP - IMP),PT. Indah Kiat Pulp & Paper - Karawang,,,NPCT 1,,,KARAWANG - TANJUNG PRIOK (IKK)  - 0 - 160,PTR.SQ.1001288,14/08/2026 17:27,5,,,CONFIRM,M. SANDI PRAWIRA,,,
183,SM-D000192,ILS,Tanah Merdeka Petra - Sinarmas,14/08/2026 17:27,F1O0000733 - 274614569,,INDAH KIAT PULP & PAPER TBK.,REGULER TRIP BASIS ( RTB),INDAH KIAT PULP & PAPER TBK.,CNTD40FT-RTB,19/08/2026 8:00,CNTD40FT,,40FT,5,EXPORT,FULL TRUCKING LOAD (EXP - IMP),PT. Indah Kiat Pulp & Paper - Karawang,,,NPCT 1,,,KARAWANG - TANJUNG PRIOK (IKK)  - 0 - 160,PTR.SQ.1001288,14/08/2026 17:27,5,,,CONFIRM,M. SANDI PRAWIRA,,,
184,SM-D000193,ILS,Tanah Merdeka Petra - Sinarmas,15/08/2026 13:00,F1O0000740 - 274616648,,INDAH KIAT PULP & PAPER TBK.,REGULER TRIP BASIS ( RTB),INDAH KIAT PULP & PAPER TBK.,CNTD40FT-RTB,15/08/2026 16:00,CNTD40FT,,40FT,13,EXPORT,FULL TRUCKING LOAD (EXP - IMP),PT. Indah Kiat Pulp & Paper - Karawang,,,NPCT 1,,,KARAWANG - TANJUNG PRIOK (IKK)  - 0 - 160,PTR.SQ.1001288,15/08/2026 13:00,13,,,CONFIRM,M. SANDI PRAWIRA,,,
185,SM-D000194,ILS,Tanah Merdeka Petra - Sinarmas,15/08/2026 13:00,F1O0000742 - 274617024,,INDAH KIAT PULP & PAPER TBK.,REGULER TRIP BASIS ( RTB),INDAH KIAT PULP & PAPER TBK.,CNTD40FT-RTB,15/08/2026 16:00,CNTD40FT,,40FT,10,EXPORT,FULL TRUCKING LOAD (EXP - IMP),PT. Indah Kiat Pulp & Paper - Karawang,,,NPCT 1,,,KARAWANG - TANJUNG PRIOK (IKK)  - 0 - 160,PTR.SQ.1001288,15/08/2026 13:00,10,,,CONFIRM,M. SANDI PRAWIRA,,,
186,SM-D000195,ILS,Tanah Merdeka Petra - Sinarmas,16/08/2026 10:00,F1O0000506,,INDAH KIAT PULP & PAPER TBK.,REGULER TRIP BASIS ( RTB),INDAH KIAT PULP & PAPER TBK.,CNTD40FT-RTB,16/08/2026 10:00,CNTD40FT,,40FT,7,EXPORT,FULL TRUCKING LOAD (EXP - IMP),PT. Indah Kiat Pulp & Paper - Karawang,,,NPCT 1,,,KARAWANG - TANJUNG PRIOK (IKK)  - 0 - 160,PTR.SQ.1001288,16/08/2026 10:00,7,,,CONFIRM,M. SANDI PRAWIRA,,,
187,SM-D000196,ILS,Tanah Merdeka Petra - Sinarmas,16/08/2026 20:00,F1O0000704 - 2334239700,,INDAH KIAT PULP & PAPER TBK.,REGULER TRIP BASIS ( RTB),INDAH KIAT PULP & PAPER TBK.,CNTD40FT-RTB,16/08/2026 21:00,CNTD40FT,,40FT,40,EXPORT,FULL TRUCKING LOAD (EXP - IMP),PT. Indah Kiat Pulp & Paper - Karawang,,,UTC,,,KARAWANG - TANJUNG PRIOK (IKK)  - 0 - 160,PTR.SQ.1001288,16/08/2026 20:00,40,,,CONFIRM,M. SANDI PRAWIRA,,,
188,SM-D000197,ILS,Tanah Merdeka Petra - Sinarmas,16/08/2026 21:10,F1O0000856 - GOSUJKT8130803,,INDAH KIAT PULP & PAPER TBK.,REGULER TRIP BASIS ( RTB),INDAH KIAT PULP & PAPER TBK.,CNTD40FT-RTB,10/08/2026 21:00,CNTD40FT,,40FT,8,EXPORT,FULL TRUCKING LOAD (EXP - IMP),PT. Indah Kiat Pulp & Paper - Karawang,,,PELINDO/ TERMINAL 3,,,KARAWANG - TANJUNG PRIOK (IKK)  - 0 - 160,PTR.SQ.1001288,10/08/2026 14:10,8,,,CONFIRM,M. SANDI PRAWIRA,,,
189,SM-D000198,ILS,Tanah Merdeka Petra - Sinarmas,18/08/2026 11:10,F1O0000440 - JKTG57622300,,INDAH KIAT PULP & PAPER TBK.,REGULER TRIP BASIS ( RTB),INDAH KIAT PULP & PAPER TBK.,CNTD40FT-RTB,18/08/2026 13:10,CNTD40FT,,40FT,8,EXPORT,FULL TRUCKING LOAD (EXP - IMP),PT. Indah Kiat Pulp & Paper - Karawang,,,MAL/T300,,,KARAWANG - TANJUNG PRIOK (IKK)  - 0 - 160,PTR.SQ.1001288,18/08/2026 11:10,8,,,CONFIRM,M. SANDI PRAWIRA,,,
190,SM-D000199,ILS,Tanah Merdeka Petra - Sinarmas,18/08/2026 11:10,F1O0000517 - 862IJP0031843,,INDAH KIAT PULP & PAPER TBK.,REGULER TRIP BASIS ( RTB),INDAH KIAT PULP & PAPER TBK.,CNTD40FT-RTB,18/08/2026 13:10,CNTD40FT,,40FT,8,EXPORT,FULL TRUCKING LOAD (EXP - IMP),PT. Indah Kiat Pulp & Paper - Karawang,,,PLB Karawang,,,KARAWANG - TANJUNG PRIOK (IKK)  - 0 - 160,PTR.SQ.1001288,18/08/2026 11:10,8,,,CONFIRM,M. SANDI PRAWIRA,,,
191,SM-D000200,ILS,Tanah Merdeka Petra - Sinarmas,18/08/2026 11:50,F1O0000896 - EBKG18193637,,INDAH KIAT PULP & PAPER TBK.,REGULER TRIP BASIS ( RTB),INDAH KIAT PULP & PAPER TBK.,CNTD40FT-RTB,18/08/2026 13:10,CNTD40FT,,40FT,2,EXPORT,FULL TRUCKING LOAD (EXP - IMP),PT. Indah Kiat Pulp & Paper - Karawang,,,PLB Karawang,,,KARAWANG - TANJUNG PRIOK (IKK)  - 0 - 160,PTR.SQ.1001288,18/08/2026 11:50,2,,,CONFIRM,M. SANDI PRAWIRA,,,
192,SM-D000201,ILS,Tanah Merdeka Petra - Sinarmas,18/08/2026 14:07,DN F1O0000499 - 2328519410,,INDAH KIAT PULP & PAPER TBK.,REGULER TRIP BASIS ( RTB),INDAH KIAT PULP & PAPER TBK.,CNTD40FT-RTB,18/08/2026 20:10,CNTD40FT,,40FT,7,EXPORT,FULL TRUCKING LOAD (EXP - IMP),PT. Indah Kiat Pulp & Paper - Karawang,,,UTC,,,KARAWANG (PLB) - PORT TJ PRIOK (FULL),PTR.SQ.1001288,18/08/2026 14:07,7,,,CONFIRM,M. SANDI PRAWIRA,,,
193,SM-D000202,ILS,Tanah Merdeka Petra - Sinarmas,18/08/2026 15:05,F1O0000866 - EBKG17722987,,INDAH KIAT PULP & PAPER TBK.,REGULER TRIP BASIS ( RTB),INDAH KIAT PULP & PAPER TBK.,CNTD40FT-RTB,18/08/2026 20:10,CNTD40FT,,40FT,3,EXPORT,FULL TRUCKING LOAD (EXP - IMP),PT. Indah Kiat Pulp & Paper - Karawang,,,PLB Karawang,,,DEPO ARROUND PRIOK-PLB KARAWANG (EMPTY),PTR.SQ.1001288,18/08/2026 15:05,3,,,CONFIRM,M. SANDI PRAWIRA,,,
194,SM-D000203,ILS,Tanah Merdeka Petra - Sinarmas,18/08/2026 16:48,F1O0000753,,INDAH KIAT PULP & PAPER TBK.,REGULER TRIP BASIS ( RTB),INDAH KIAT PULP & PAPER TBK.,CNTD40FT-RTB,18/08/2026 20:10,CNTD40FT,,40FT,2,EXPORT,FULL TRUCKING LOAD (EXP - IMP),PT. Indah Kiat Pulp & Paper - Karawang,,,UTC,,,KARAWANG - TANJUNG PRIOK (IKK)  - 0 - 160,PTR.SQ.1001288,18/08/2026 16:48,2,,,CONFIRM,M. SANDI PRAWIRA,,,
195,SM-D000204,ILS,Tanah Merdeka Petra - Sinarmas,18/08/2026 17:02,F1O0000579,,INDAH KIAT PULP & PAPER TBK.,REGULER TRIP BASIS ( RTB),INDAH KIAT PULP & PAPER TBK.,CNTD40FT-RTB,18/08/2026 20:10,CNTD40FT,,40FT,1,EXPORT,FULL TRUCKING LOAD (EXP - IMP),PT. Indah Kiat Pulp & Paper - Karawang,,,GL Terminal,,,KARAWANG - CAKUNG (FULL)  - 0 - 160,PTR.SQ.1001288,18/08/2026 17:02,1,,,CONFIRM,M. SANDI PRAWIRA,,,
196,SM-D000205,ILS,Tanah Merdeka Petra - Sinarmas,18/08/2026 17:02,F1O0000609 - JKTG54657800,,INDAH KIAT PULP & PAPER TBK.,REGULER TRIP BASIS ( RTB),INDAH KIAT PULP & PAPER TBK.,CNTD40FT-RTB,18/08/2026 20:10,CNTD40FT,,40FT,1,EXPORT,FULL TRUCKING LOAD (EXP - IMP),PT. Indah Kiat Pulp & Paper - Karawang,,,GL Terminal,,,KARAWANG - CAKUNG (FULL)  - 0 - 160,PTR.SQ.1001288,18/08/2026 17:02,1,,,CONFIRM,M. SANDI PRAWIRA,,,
197,SM-D000206,ILS,Tanah Merdeka Petra - Sinarmas,18/08/2026 17:02,F1O0000909 - EBKG18126334,,INDAH KIAT PULP & PAPER TBK.,REGULER TRIP BASIS ( RTB),INDAH KIAT PULP & PAPER TBK.,CNTD40FT-RTB,18/08/2026 20:10,CNTD40FT,,40FT,1,EXPORT,FULL TRUCKING LOAD (EXP - IMP),PT. Indah Kiat Pulp & Paper - Karawang,,,GL Terminal,,,KARAWANG - CAKUNG (FULL)  - 0 - 160,PTR.SQ.1001288,18/08/2026 17:02,1,,,CONFIRM,M. SANDI PRAWIRA,,,
198,SM-D000207,ILS,Tanah Merdeka Petra - Sinarmas,18/08/2026 17:02,F1O0000910 - EBKG18126397,,INDAH KIAT PULP & PAPER TBK.,REGULER TRIP BASIS ( RTB),INDAH KIAT PULP & PAPER TBK.,CNTD40FT-RTB,18/08/2026 20:10,CNTD40FT,,40FT,1,EXPORT,FULL TRUCKING LOAD (EXP - IMP),PT. Indah Kiat Pulp & Paper - Karawang,,,GL Terminal,,,KARAWANG - CAKUNG (FULL)  - 0 - 160,PTR.SQ.1001288,18/08/2026 17:02,1,,,CONFIRM,M. SANDI PRAWIRA,,,
199,SM-D000208,ILS,Tanah Merdeka Petra - Sinarmas,18/08/2026 17:02,F1O0000913 - EBKG18126443,,INDAH KIAT PULP & PAPER TBK.,REGULER TRIP BASIS ( RTB),INDAH KIAT PULP & PAPER TBK.,CNTD40FT-RTB,18/08/2026 20:10,CNTD40FT,,40FT,1,EXPORT,FULL TRUCKING LOAD (EXP - IMP),PT. Indah Kiat Pulp & Paper - Karawang,,,GL Terminal,,,KARAWANG - CAKUNG (FULL)  - 0 - 160,PTR.SQ.1001288,18/08/2026 17:02,1,,,CONFIRM,M. SANDI PRAWIRA,,,
200,SM-D000209,ILS,Tanah Merdeka Petra - Sinarmas,18/08/2026 17:02,F1O0000914 - DJA1526400 ,,INDAH KIAT PULP & PAPER TBK.,REGULER TRIP BASIS ( RTB),INDAH KIAT PULP & PAPER TBK.,CNTD40FT-RTB,18/08/2026 20:10,CNTD40FT,,40FT,1,EXPORT,FULL TRUCKING LOAD (EXP - IMP),PT. Indah Kiat Pulp & Paper - Karawang,,,GL Terminal,,,KARAWANG - CAKUNG (FULL)  - 0 - 160,PTR.SQ.1001288,18/08/2026 17:02,1,,,CONFIRM,M. SANDI PRAWIRA,,,
201,SM-D000210,ILS,Tanah Merdeka Petra - Sinarmas,18/08/2026 17:02,F1O0000919 - EBKG18126491,,INDAH KIAT PULP & PAPER TBK.,REGULER TRIP BASIS ( RTB),INDAH KIAT PULP & PAPER TBK.,CNTD40FT-RTB,18/08/2026 20:10,CNTD40FT,,40FT,1,EXPORT,FULL TRUCKING LOAD (EXP - IMP),PT. Indah Kiat Pulp & Paper - Karawang,,,GL Terminal,,,KARAWANG - CAKUNG (FULL)  - 0 - 160,PTR.SQ.1001288,18/08/2026 17:02,1,,,CONFIRM,M. SANDI PRAWIRA,,,
202,SM-D000211,ILS,Tanah Merdeka Petra - Sinarmas,18/08/2026 17:50,F1O0000643 - 862IJP0032631,,INDAH KIAT PULP & PAPER TBK.,REGULER TRIP BASIS ( RTB),INDAH KIAT PULP & PAPER TBK.,CNTD40FT-RTB,18/08/2026 20:10,CNTD40FT,,40FT,4,EXPORT,FULL TRUCKING LOAD (EXP - IMP),PT. Indah Kiat Pulp & Paper - Karawang,,,PLB Karawang,,,DEPO ARROUND PRIOK-PLB KARAWANG (FULL),PTR.SQ.1001288,18/08/2026 17:50,4,,,CONFIRM,M. SANDI PRAWIRA,,,
203,SM-D000212,ILS,Tanah Merdeka Petra - Sinarmas,18/08/2026 17:50,F1O0000883 - JKTG70946700,,INDAH KIAT PULP & PAPER TBK.,REGULER TRIP BASIS ( RTB),INDAH KIAT PULP & PAPER TBK.,CNTD40FT-RTB,18/08/2026 20:10,CNTD40FT,,40FT,1,EXPORT,FULL TRUCKING LOAD (EXP - IMP),PT. Indah Kiat Pulp & Paper - Karawang,,,PLB Karawang,,,DEPO ARROUND PRIOK-PLB KARAWANG (FULL),PTR.SQ.1001288,18/08/2026 17:50,1,,,CONFIRM,M. SANDI PRAWIRA,,,
204,SM-D000213,ILS,Tanah Merdeka Petra - Sinarmas,19/08/2026 9:30,F1O0000703 - JKTG54660900,,INDAH KIAT PULP & PAPER TBK.,REGULER TRIP BASIS ( RTB),INDAH KIAT PULP & PAPER TBK.,CNTD40FT-RTB,19/08/2026 9:30,CNTD40FT,,40FT,1,EXPORT,FULL TRUCKING LOAD (EXP - IMP),PT. Indah Kiat Pulp & Paper - Karawang,,,KOJA,,,KARAWANG - TANJUNG PRIOK (IKK)  - 0 - 160,PTR.SQ.1001288,19/08/2026 9:30,1,,,CONFIRM,M. SANDI PRAWIRA,,,
205,SM-D000214,ILS,Tanah Merdeka Petra - Sinarmas,19/08/2026 13:23,F1O0000845 - JKTG70944500,,INDAH KIAT PULP & PAPER TBK.,REGULER TRIP BASIS ( RTB),INDAH KIAT PULP & PAPER TBK.,CNTD40FT-RTB,19/08/2026 13:23,CNTD40FT,,40FT,4,EXPORT,FULL TRUCKING LOAD (EXP - IMP),PT. Indah Kiat Pulp & Paper - Karawang,,,UTC,,,KARAWANG - TANJUNG PRIOK (IKK)  - 0 - 160,PTR.SQ.1001288,19/08/2026 13:23,4,,,CONFIRM,M. SANDI PRAWIRA,,,
206,SM-D000215,ILS,Tanah Merdeka Petra - Sinarmas,19/08/2026 13:29,F1O0000850 - 96413033,,INDAH KIAT PULP & PAPER TBK.,REGULER TRIP BASIS ( RTB),INDAH KIAT PULP & PAPER TBK.,CNTD40FT-RTB,19/08/2026 13:23,CNTD40FT,,40FT,7,EXPORT,FULL TRUCKING LOAD (EXP - IMP),PT. Indah Kiat Pulp & Paper - Karawang,,,PLB Karawang,,,KARAWANG - TANJUNG PRIOK (IKK)  - 0 - 160,PTR.SQ.1001288,19/08/2026 13:23,7,,,CONFIRM,M. SANDI PRAWIRA,,,
207,SM-D000216,ILS,Tanah Merdeka Petra - Sinarmas,19/08/2026 14:28,F1O0000993 - 2336355341,,INDAH KIAT PULP & PAPER TBK.,REGULER TRIP BASIS ( RTB),INDAH KIAT PULP & PAPER TBK.,CNTD40FT-RTB,19/08/2026 14:28,CNTD40FT,,40FT,2,EXPORT,FULL TRUCKING LOAD (EXP - IMP),PT. Indah Kiat Pulp & Paper - Karawang,,,PELINDO/ TERMINAL 3,,,KARAWANG - TANJUNG PRIOK (IKK)  - 0 - 160,PTR.SQ.1001288,19/08/2026 14:28,2,,,CONFIRM,M. SANDI PRAWIRA,,,
208,SM-D000217,ILS,Tanah Merdeka Petra - Sinarmas,19/08/2026 14:28,F1O0000995 - 2336355343,,INDAH KIAT PULP & PAPER TBK.,REGULER TRIP BASIS ( RTB),INDAH KIAT PULP & PAPER TBK.,CNTD40FT-RTB,19/08/2026 14:28,CNTD40FT,,40FT,2,EXPORT,FULL TRUCKING LOAD (EXP - IMP),PT. Indah Kiat Pulp & Paper - Karawang,,,PELINDO/ TERMINAL 3,,,KARAWANG - TANJUNG PRIOK (IKK)  - 0 - 160,PTR.SQ.1001288,19/08/2026 14:28,2,,,CONFIRM,M. SANDI PRAWIRA,,,
209,SM-D000218,ILS,Tanah Merdeka Petra - Sinarmas,19/08/2026 16:39,F1O0000924 - 862IJP0036362,,INDAH KIAT PULP & PAPER TBK.,REGULER TRIP BASIS ( RTB),INDAH KIAT PULP & PAPER TBK.,CNTD40FT-RTB,19/08/2026 21:00,CNTD40FT,,40FT,18,EXPORT,FULL TRUCKING LOAD (EXP - IMP),PT. Indah Kiat Pulp & Paper - Karawang,,,KOJA,,,KARAWANG - TANJUNG PRIOK (IKK)  - 0 - 160,PTR.SQ.1001288,19/08/2026 16:39,18,,,CONFIRM,M. SANDI PRAWIRA,,,
210,SM-D000219,ILS,Tanah Merdeka Petra - Sinarmas,19/08/2026 18:20,F1O0000931 - JKTG67494400,,INDAH KIAT PULP & PAPER TBK.,REGULER TRIP BASIS ( RTB),INDAH KIAT PULP & PAPER TBK.,CNTD40FT-RTB,19/08/2026 21:00,CNTD40FT,,40FT,2,EXPORT,FULL TRUCKING LOAD (EXP - IMP),PT. Indah Kiat Pulp & Paper - Karawang,,,MAL/T300,,,KARAWANG - TANJUNG PRIOK (IKK)  - 0 - 160,PTR.SQ.1001288,19/08/2026 18:20,2,,,CONFIRM,M. SANDI PRAWIRA,,,
211,SM-D000220,ILS,Tanah Merdeka Petra - Sinarmas,19/08/2026 18:20,F1O0001050 - 2336804150,,INDAH KIAT PULP & PAPER TBK.,REGULER TRIP BASIS ( RTB),INDAH KIAT PULP & PAPER TBK.,CNTD40FT-RTB,19/08/2026 21:00,CNTD40FT,,40FT,2,EXPORT,FULL TRUCKING LOAD (EXP - IMP),PT. Indah Kiat Pulp & Paper - Karawang,,,KOJA,,,KARAWANG - TANJUNG PRIOK (IKK)  - 0 - 160,PTR.SQ.1001288,19/08/2026 18:20,2,,,CONFIRM,M. SANDI PRAWIRA,,,
212,SM-D000221,ILS,Tanah Merdeka Petra - Sinarmas,19/08/2026 21:33,F1O0000923 - 862IJP0036363,,INDAH KIAT PULP & PAPER TBK.,REGULER TRIP BASIS ( RTB),INDAH KIAT PULP & PAPER TBK.,CNTD40FT-RTB,20/08/2026 5:00,CNTD40FT,,40FT,9,EXPORT,FULL TRUCKING LOAD (EXP - IMP),PT. Indah Kiat Pulp & Paper - Karawang,,,BSA,,,KARAWANG - CAKUNG (FULL)  - 0 - 160,PTR.SQ.1001288,19/08/2026 21:33,9,,,CONFIRM,M. SANDI PRAWIRA,,,
213,SM-D000222,ILS,Tanah Merdeka Petra - Sinarmas,19/08/2026 21:33,F1O0000923 - 862IJP0036363,,INDAH KIAT PULP & PAPER TBK.,REGULER TRIP BASIS ( RTB),INDAH KIAT PULP & PAPER TBK.,CNTD40FT-RTB,20/08/2026 5:00,CNTD40FT,,40FT,6,EXPORT,FULL TRUCKING LOAD (EXP - IMP),PT. Indah Kiat Pulp & Paper - Karawang,,,BSA,,,KARAWANG - CAKUNG (FULL)  - 0 - 160,PTR.SQ.1001288,19/08/2026 21:33,6,,,CONFIRM,M. SANDI PRAWIRA,,,
214,SM-D000223,ILS,Tanah Merdeka Petra - Sinarmas,20/08/2026 9:48,F1O0000859 - 272575092,,INDAH KIAT PULP & PAPER TBK.,REGULER TRIP BASIS ( RTB),INDAH KIAT PULP & PAPER TBK.,CNTD40FT-RTB,20/08/2026 12:00,CNTD40FT,,40FT,2,EXPORT,FULL TRUCKING LOAD (EXP - IMP),PT. Indah Kiat Pulp & Paper - Karawang,,,NPCT 1,,,KARAWANG - TANJUNG PRIOK (IKK)  - 0 - 160,PTR.SQ.1001288,20/08/2026 9:48,2,,,CONFIRM,M. SANDI PRAWIRA,,,
215,SM-D000224,ILS,Tanah Merdeka Petra - Sinarmas,20/08/2026 9:48,F1O0001028 - 2336355340,,INDAH KIAT PULP & PAPER TBK.,REGULER TRIP BASIS ( RTB),INDAH KIAT PULP & PAPER TBK.,CNTD40FT-RTB,20/08/2026 12:00,CNTD40FT,,40FT,2,EXPORT,FULL TRUCKING LOAD (EXP - IMP),PT. Indah Kiat Pulp & Paper - Karawang,,,PELINDO/ TERMINAL 3,,,KARAWANG - TANJUNG PRIOK (IKK)  - 0 - 160,PTR.SQ.1001288,20/08/2026 9:48,2,,,CONFIRM,M. SANDI PRAWIRA,,,
216,SM-D000225,ILS,Tanah Merdeka Petra - Sinarmas,19/08/2026 15:27,F1O0000972 - 2336274040,,INDAH KIAT PULP & PAPER TBK.,REGULER TRIP BASIS ( RTB),INDAH KIAT PULP & PAPER TBK.,CNTD40FT-RTB,20/08/2026 12:00,CNTD40FT,,40FT,6,EXPORT,FULL TRUCKING LOAD (EXP - IMP),PT. Indah Kiat Pulp & Paper - Karawang,,,KOJA,,,KARAWANG - TANJUNG PRIOK (IKK)  - 0 - 160,PTR.SQ.1001288,19/08/2026 15:27,6,,,CONFIRM,M. SANDI PRAWIRA,,,
217,SM-D000226,ILS,Tanah Merdeka Petra - Sinarmas,20/08/2026 13:54,F1O0000908 - JKTG69814900,,INDAH KIAT PULP & PAPER TBK.,REGULER TRIP BASIS ( RTB),INDAH KIAT PULP & PAPER TBK.,CNTD40FT-RTB,20/08/2026 18:00,CNTD40FT,,40FT,3,EXPORT,FULL TRUCKING LOAD (EXP - IMP),PT. Indah Kiat Pulp & Paper - Karawang,,,BSA,,,KARAWANG - CAKUNG (FULL)  - 0 - 160,PTR.SQ.1001288,20/08/2026 13:54,3,,,CONFIRM,M. SANDI PRAWIRA,,,
218,SM-D000227,ILS,Tanah Merdeka Petra - Sinarmas,20/08/2026 14:40,F1O0000805 - GOSUJKT8132125,,INDAH KIAT PULP & PAPER TBK.,REGULER TRIP BASIS ( RTB),INDAH KIAT PULP & PAPER TBK.,CNTD40FT-RTB,20/08/2026 18:00,CNTD40FT,,40FT,4,EXPORT,FULL TRUCKING LOAD (EXP - IMP),PT. Indah Kiat Pulp & Paper - Karawang,,,PLB Karawang,,,DEPO ARROUND PRIOK-PLB KARAWANG (FULL),PTR.SQ.1001288,20/08/2026 14:40,4,,,CONFIRM,M. SANDI PRAWIRA,,,
219,SM-D000228,ILS,Tanah Merdeka Petra - Sinarmas,20/08/2026 17:07,F1O0000926 - EBKG18126566,,INDAH KIAT PULP & PAPER TBK.,REGULER TRIP BASIS ( RTB),INDAH KIAT PULP & PAPER TBK.,CNTD40FT-RTB,20/08/2026 18:00,CNTD40FT,,40FT,7,EXPORT,FULL TRUCKING LOAD (EXP - IMP),PT. Indah Kiat Pulp & Paper - Karawang,,,BSA,,,KARAWANG - CAKUNG (FULL)  - 0 - 160,PTR.SQ.1001288,20/08/2026 17:07,7,,,CONFIRM,M. SANDI PRAWIRA,,,
220,SM-D000229,ILS,Tanah Merdeka Petra - Sinarmas,20/08/2026 17:07,F1O0000732 - 862IJP0031186,,INDAH KIAT PULP & PAPER TBK.,REGULER TRIP BASIS ( RTB),INDAH KIAT PULP & PAPER TBK.,CNTD40FT-RTB,21/08/2026 10:00,CNTD40FT,,40FT,2,EXPORT,FULL TRUCKING LOAD (EXP - IMP),PT. Indah Kiat Pulp & Paper - Karawang,,,GL Terminal,,,KARAWANG - CAKUNG (FULL)  - 0 - 160,PTR.SQ.1001288,20/08/2026 17:07,2,,,CONFIRM,M. SANDI PRAWIRA,,,
221,SM-D000230,ILS,Tanah Merdeka Petra - Sinarmas,21/08/2026 9:40,F1O0001071 - JKTG70105800,,INDAH KIAT PULP & PAPER TBK.,REGULER TRIP BASIS ( RTB),INDAH KIAT PULP & PAPER TBK.,CNTD40FT-RTB,22/08/2026 10:00,CNTD40FT,,40FT,3,EXPORT,FULL TRUCKING LOAD (EXP - IMP),PT. Indah Kiat Pulp & Paper - Karawang,,,UTC,,,KARAWANG - TANJUNG PRIOK (IKK)  - 0 - 160,PTR.SQ.1001288,21/08/2026 9:40,3,,,CONFIRM,M. SANDI PRAWIRA,,,
222,SM-D000231,ILS,Tanah Merdeka Petra - Sinarmas,21/08/2026 9:40,F1O0001077 - 2336973700,,INDAH KIAT PULP & PAPER TBK.,REGULER TRIP BASIS ( RTB),INDAH KIAT PULP & PAPER TBK.,CNTD40FT-RTB,22/08/2026 10:00,CNTD40FT,,40FT,2,EXPORT,FULL TRUCKING LOAD (EXP - IMP),PT. Indah Kiat Pulp & Paper - Karawang,,,PELINDO/ TERMINAL 3,,,KARAWANG - TANJUNG PRIOK (IKK)  - 0 - 160,PTR.SQ.1001288,21/08/2026 9:40,2,,,CONFIRM,M. SANDI PRAWIRA,,,
223,SM-D000232,ILS,Tanah Merdeka Petra - Sinarmas,21/08/2026 9:40,F1O0001076 - 2336954910,,INDAH KIAT PULP & PAPER TBK.,REGULER TRIP BASIS ( RTB),INDAH KIAT PULP & PAPER TBK.,CNTD40FT-RTB,22/08/2026 10:00,CNTD40FT,,40FT,2,EXPORT,FULL TRUCKING LOAD (EXP - IMP),PT. Indah Kiat Pulp & Paper - Karawang,,,PELINDO/ TERMINAL 3,,,KARAWANG - TANJUNG PRIOK (IKK)  - 0 - 160,PTR.SQ.1001288,21/08/2026 9:40,2,,,CONFIRM,M. SANDI PRAWIRA,,,
224,SM-D000233,ILS,Tanah Merdeka Petra - Sinarmas,21/08/2026 10:00,F1O0001070 - 2336932960,,INDAH KIAT PULP & PAPER TBK.,REGULER TRIP BASIS ( RTB),INDAH KIAT PULP & PAPER TBK.,CNTD40FT-RTB,22/08/2026 10:00,CNTD40FT,,40FT,2,EXPORT,FULL TRUCKING LOAD (EXP - IMP),PT. Indah Kiat Pulp & Paper - Karawang,,,PELINDO/ TERMINAL 3,,,KARAWANG - TANJUNG PRIOK (IKK)  - 0 - 160,PTR.SQ.1001288,21/08/2026 10:00,2,,,CONFIRM,M. SANDI PRAWIRA,,,
225,SM-D000234,ILS,Tanah Merdeka Petra - Sinarmas,21/08/2026 10:00,F1O0001023 - 2336933110,,INDAH KIAT PULP & PAPER TBK.,REGULER TRIP BASIS ( RTB),INDAH KIAT PULP & PAPER TBK.,CNTD40FT-RTB,22/08/2026 10:00,CNTD40FT,,40FT,2,EXPORT,FULL TRUCKING LOAD (EXP - IMP),PT. Indah Kiat Pulp & Paper - Karawang,,,PELINDO/ TERMINAL 3,,,KARAWANG - TANJUNG PRIOK (IKK)  - 0 - 160,PTR.SQ.1001288,21/08/2026 10:00,2,,,CONFIRM,M. SANDI PRAWIRA,,,
226,SM-D000235,ILS,Tanah Merdeka Petra - Sinarmas,21/08/2026 11:15,F1O0000501,,INDAH KIAT PULP & PAPER TBK.,REGULER TRIP BASIS ( RTB),INDAH KIAT PULP & PAPER TBK.,CNTD40FT-RTB,22/08/2026 10:00,CNTD40FT,,40FT,7,EXPORT,FULL TRUCKING LOAD (EXP - IMP),PT. Indah Kiat Pulp & Paper - Karawang,,,UTC,,,KARAWANG (PLB) - PORT TJ PRIOK (FULL) - 0 - 0,PTR.SQ.1001288,21/08/2026 11:15,7,,,CONFIRM,M. SANDI PRAWIRA,,,
227,SM-D000236,ILS,Tanah Merdeka Petra - Sinarmas,21/08/2026 15:03,F1O0001036 - 272574887,,INDAH KIAT PULP & PAPER TBK.,REGULER TRIP BASIS ( RTB),INDAH KIAT PULP & PAPER TBK.,CNTD40FT-RTB,22/08/2026 10:00,CNTD40FT,,40FT,2,EXPORT,FULL TRUCKING LOAD (EXP - IMP),PT. Indah Kiat Pulp & Paper - Karawang,,,PLB Karawang,,,DEPO ARROUND PRIOK - PLB KARAWANG (FULL) - 0 - 0,PTR.SQ.1001288,21/08/2026 15:03,2,,,CONFIRM,M. SANDI PRAWIRA,,,
228,SM-D000237,ILS,Tanah Merdeka Petra - Sinarmas,21/08/2026 15:49,F1O0000880 - 080600569496,,INDAH KIAT PULP & PAPER TBK.,REGULER TRIP BASIS ( RTB),INDAH KIAT PULP & PAPER TBK.,CNTD40FT-RTB,22/08/2026 10:00,CNTD40FT,,40FT,3,EXPORT,FULL TRUCKING LOAD (EXP - IMP),PT. Indah Kiat Pulp & Paper - Karawang,,,MAL/T300,,,KARAWANG - TANJUNG PRIOK (IKK)  - 0 - 160,PTR.SQ.1001288,21/08/2026 15:49,3,,,CONFIRM,M. SANDI PRAWIRA,,,
229,SM-D000238,ILS,Tanah Merdeka Petra - Sinarmas,21/08/2026 15:49,F1O0001030 - 080600564681,,INDAH KIAT PULP & PAPER TBK.,REGULER TRIP BASIS ( RTB),INDAH KIAT PULP & PAPER TBK.,CNTD40FT-RTB,22/08/2026 10:00,CNTD40FT,,40FT,2,EXPORT,FULL TRUCKING LOAD (EXP - IMP),PT. Indah Kiat Pulp & Paper - Karawang,,,MAL/T300,,,KARAWANG - TANJUNG PRIOK (IKK)  - 0 - 160,PTR.SQ.1001288,21/08/2026 15:49,2,,,CONFIRM,M. SANDI PRAWIRA,,,
230,SM-D000239,ILS,Tanah Merdeka Petra - Sinarmas,21/08/2026 15:49,F1O0001066 - 08060056652,,INDAH KIAT PULP & PAPER TBK.,REGULER TRIP BASIS ( RTB),INDAH KIAT PULP & PAPER TBK.,CNTD40FT-RTB,22/08/2026 10:00,CNTD40FT,,40FT,1,EXPORT,FULL TRUCKING LOAD (EXP - IMP),PT. Indah Kiat Pulp & Paper - Karawang,,,MAL/T300,,,KARAWANG - TANJUNG PRIOK (IKK)  - 0 - 160,PTR.SQ.1001288,21/08/2026 15:49,1,,,CONFIRM,M. SANDI PRAWIRA,,,
231,SM-D000240,ILS,Tanah Merdeka Petra - Sinarmas,21/08/2026 15:49,F1O0001067 - 080600566462,,INDAH KIAT PULP & PAPER TBK.,REGULER TRIP BASIS ( RTB),INDAH KIAT PULP & PAPER TBK.,CNTD40FT-RTB,22/08/2026 10:00,CNTD40FT,,40FT,1,EXPORT,FULL TRUCKING LOAD (EXP - IMP),PT. Indah Kiat Pulp & Paper - Karawang,,,MAL/T300,,,KARAWANG - TANJUNG PRIOK (IKK)  - 0 - 160,PTR.SQ.1001288,21/08/2026 15:49,1,,,CONFIRM,M. SANDI PRAWIRA,,,
232,SM-D000241,ILS,Tanah Merdeka Petra - Sinarmas,21/08/2026 15:52,F1O0001068 - 080600517615,,INDAH KIAT PULP & PAPER TBK.,REGULER TRIP BASIS ( RTB),INDAH KIAT PULP & PAPER TBK.,CNTD40FT-RTB,22/08/2026 10:00,CNTD40FT,,40FT,2,EXPORT,FULL TRUCKING LOAD (EXP - IMP),PT. Indah Kiat Pulp & Paper - Karawang,,,MAL/T300,,,KARAWANG - TANJUNG PRIOK (IKK)  - 0 - 160,PTR.SQ.1001288,21/08/2026 15:49,2,,,CONFIRM,M. SANDI PRAWIRA,,,
233,SM-D000242,ILS,Tanah Merdeka Petra - Sinarmas,21/08/2026 15:52,F1O0001032 - 44393497,,INDAH KIAT PULP & PAPER TBK.,REGULER TRIP BASIS ( RTB),INDAH KIAT PULP & PAPER TBK.,CNTD40FT-RTB,23/08/2026 10:00,CNTD40FT,,40FT,8,EXPORT,FULL TRUCKING LOAD (EXP - IMP),PT. Indah Kiat Pulp & Paper - Karawang,,,PLB Karawang,,,DEPO ARROUND PRIOK - PLB KARAWANG (FULL) - 0 - 0,PTR.SQ.1001288,21/08/2026 15:49,8,,,CONFIRM,M. SANDI PRAWIRA,,,
234,SM-D000243,ILS,Tanah Merdeka Petra - Sinarmas,21/08/2026 18:57,F1O0000862 - 080600569488,,INDAH KIAT PULP & PAPER TBK.,REGULER TRIP BASIS ( RTB),INDAH KIAT PULP & PAPER TBK.,CNTD40FT-RTB,22/08/2026 10:00,CNTD40FT,,40FT,2,EXPORT,FULL TRUCKING LOAD (EXP - IMP),PT. Indah Kiat Pulp & Paper - Karawang,,,MAL/T300,,,KARAWANG - TANJUNG PRIOK (IKK)  - 0 - 160,PTR.SQ.1001288,21/08/2026 18:57,2,,,CONFIRM,M. SANDI PRAWIRA,,,
235,SM-D000244,ILS,Tanah Merdeka Petra - Sinarmas,21/08/2026 18:57,F1O0001012 - JKTG66082300,,INDAH KIAT PULP & PAPER TBK.,REGULER TRIP BASIS ( RTB),INDAH KIAT PULP & PAPER TBK.,CNTD40FT-RTB,22/08/2026 10:00,CNTD40FT,,40FT,18,EXPORT,FULL TRUCKING LOAD (EXP - IMP),PT. Indah Kiat Pulp & Paper - Karawang,,,MAL/T300,,,KARAWANG - TANJUNG PRIOK (IKK)  - 0 - 160,PTR.SQ.1001288,21/08/2026 18:57,18,,,CONFIRM,M. SANDI PRAWIRA,,,
236,SM-D000245,ILS,Tanah Merdeka Petra - Sinarmas,21/08/2026 18:57,F1O0001025 - 2336354801,,INDAH KIAT PULP & PAPER TBK.,REGULER TRIP BASIS ( RTB),INDAH KIAT PULP & PAPER TBK.,CNTD40FT-RTB,23/08/2026 10:00,CNTD40FT,,40FT,2,EXPORT,FULL TRUCKING LOAD (EXP - IMP),PT. Indah Kiat Pulp & Paper - Karawang,,,KOJA,,,KARAWANG - TANJUNG PRIOK (IKK)  - 0 - 160,PTR.SQ.1001288,21/08/2026 18:57,2,,,CONFIRM,M. SANDI PRAWIRA,,,
237,SM-D000246,ILS,Tanah Merdeka Petra - Sinarmas,21/08/2026 18:57,F1O0000932 - EBKG18126552,,INDAH KIAT PULP & PAPER TBK.,REGULER TRIP BASIS ( RTB),INDAH KIAT PULP & PAPER TBK.,CNTD40FT-RTB,22/08/2026 10:00,CNTD40FT,,40FT,1,EXPORT,FULL TRUCKING LOAD (EXP - IMP),PT. Indah Kiat Pulp & Paper - Karawang,,,KOJA,,,KARAWANG - TANJUNG PRIOK (IKK)  - 0 - 160,PTR.SQ.1001288,21/08/2026 18:57,1,,,CONFIRM,M. SANDI PRAWIRA,,,
238,SM-D000247,ILS,Tanah Merdeka Petra - Sinarmas,21/08/2026 18:57,F1O0000933 - EBKG18126217,,INDAH KIAT PULP & PAPER TBK.,REGULER TRIP BASIS ( RTB),INDAH KIAT PULP & PAPER TBK.,CNTD40FT-RTB,22/08/2026 10:00,CNTD40FT,,40FT,10,EXPORT,FULL TRUCKING LOAD (EXP - IMP),PT. Indah Kiat Pulp & Paper - Karawang,,,KOJA,,,KARAWANG - TANJUNG PRIOK (IKK)  - 0 - 160,PTR.SQ.1001288,21/08/2026 18:57,10,,,CONFIRM,M. SANDI PRAWIRA,,,
239,SM-D000248,ILS,Tanah Merdeka Petra - Sinarmas,21/08/2026 18:57,F1O0001060 - 080600567370,,INDAH KIAT PULP & PAPER TBK.,REGULER TRIP BASIS ( RTB),INDAH KIAT PULP & PAPER TBK.,CNTD40FT-RTB,23/08/2026 10:00,CNTD40FT,,40FT,4,EXPORT,FULL TRUCKING LOAD (EXP - IMP),PT. Indah Kiat Pulp & Paper - Karawang,,,NPCT 1,,,KARAWANG - TANJUNG PRIOK (IKK)  - 0 - 160,PTR.SQ.1001288,21/08/2026 18:57,4,,,CONFIRM,M. SANDI PRAWIRA,,,
240,SM-D000249,ILS,Tanah Merdeka Petra - Sinarmas,21/08/2026 18:57,F1O0001062 - 080600566624,,INDAH KIAT PULP & PAPER TBK.,REGULER TRIP BASIS ( RTB),INDAH KIAT PULP & PAPER TBK.,CNTD40FT-RTB,23/08/2026 10:00,CNTD40FT,,40FT,2,EXPORT,FULL TRUCKING LOAD (EXP - IMP),PT. Indah Kiat Pulp & Paper - Karawang,,,MAL/T300,,,KARAWANG - TANJUNG PRIOK (IKK)  - 0 - 160,PTR.SQ.1001288,21/08/2026 18:57,2,,,CONFIRM,M. SANDI PRAWIRA,,,
241,SM-D000250,ILS,Tanah Merdeka Petra - Sinarmas,23/08/2026 13:57,F1O0000695 - 2334654580,,INDAH KIAT PULP & PAPER TBK.,REGULER TRIP BASIS ( RTB),INDAH KIAT PULP & PAPER TBK.,CNTD40FT-RTB,24/08/2026 12:00,CNTD40FT,,40FT,9,EXPORT,FULL TRUCKING LOAD (EXP - IMP),PT. Indah Kiat Pulp & Paper - Karawang,,,UTC,,,KARAWANG (PLB) - PORT TJ PRIOK (FULL) - 0 - 0,PTR.SQ.1001288,23/08/2026 13:57,9,,,CONFIRM,M. SANDI PRAWIRA,,,
242,SM-D000251,ILS,Tanah Merdeka Petra - Sinarmas,21/08/2026 18:57,F1O0000932 - EBKG18126552,,INDAH KIAT PULP & PAPER TBK.,REGULER TRIP BASIS ( RTB),INDAH KIAT PULP & PAPER TBK.,CNTD40FT-RTB,22/08/2026 10:00,CNTD40FT,,40FT,1,EXPORT,FULL TRUCKING LOAD (EXP - IMP),PT. Indah Kiat Pulp & Paper - Karawang,,,PLB Karawang,,,DEPO ARROUND PRIOK - PLB KARAWANG (FULL) - 0 - 0,PTR.SQ.1001288,21/08/2026 18:57,1,,,CONFIRM,M. SANDI PRAWIRA,,,
243,SM-D000252,ILS,Tanah Merdeka Petra - Sinarmas,21/08/2026 18:57,F1O0000933 - EBKG18126217,,INDAH KIAT PULP & PAPER TBK.,REGULER TRIP BASIS ( RTB),INDAH KIAT PULP & PAPER TBK.,CNTD40FT-RTB,22/08/2026 10:00,CNTD40FT,,40FT,10,EXPORT,FULL TRUCKING LOAD (EXP - IMP),PT. Indah Kiat Pulp & Paper - Karawang,,,PLB Karawang,,,DEPO ARROUND PRIOK - PLB KARAWANG (FULL) - 0 - 0,PTR.SQ.1001288,21/08/2026 18:57,10,,,CONFIRM,M. SANDI PRAWIRA,,,
244,SM-D000253,ILS,Tanah Merdeka Petra - Sinarmas,23/08/2026 18:57,F1O0000704 - 2334239700,,INDAH KIAT PULP & PAPER TBK.,REGULER TRIP BASIS ( RTB),INDAH KIAT PULP & PAPER TBK.,CNTD40FT-RTB,22/08/2026 10:00,CNTD40FT,,40FT,40,EXPORT,FULL TRUCKING LOAD (EXP - IMP),PT. Indah Kiat Pulp & Paper - Karawang,,,UTC,,,KARAWANG (PLB) - PORT TJ PRIOK (FULL) - 0 - 0,PTR.SQ.1001288,23/08/2026 18:57,40,,,CONFIRM,M. SANDI PRAWIRA,,,
245,SM-D000254,ILS,Tanah Merdeka Petra - Sinarmas,21/08/2026 18:57,F1O0000932 - EBKG18126552,,INDAH KIAT PULP & PAPER TBK.,REGULER TRIP BASIS ( RTB),INDAH KIAT PULP & PAPER TBK.,CNTD40FT-RTB,22/08/2026 10:00,CNTD40FT,,40FT,1,EXPORT,FULL TRUCKING LOAD (EXP - IMP),PT. Indah Kiat Pulp & Paper - Karawang,,,UTC,,,KARAWANG - TANJUNG PRIOK (IKK)  - 0 - 160,PTR.SQ.1001288,21/08/2026 18:57,1,,,CANCEL,M. SANDI PRAWIRA,,,
246,SM-D000255,ILS,Tanah Merdeka Petra - Sinarmas,21/08/2026 18:57,F1O0000933 - EBKG18126217,,INDAH KIAT PULP & PAPER TBK.,REGULER TRIP BASIS ( RTB),INDAH KIAT PULP & PAPER TBK.,CNTD40FT-RTB,22/08/2026 10:00,CNTD40FT,,40FT,10,EXPORT,FULL TRUCKING LOAD (EXP - IMP),PT. Indah Kiat Pulp & Paper - Karawang,,,UTC,,,KARAWANG - TANJUNG PRIOK (IKK)  - 0 - 160,PTR.SQ.1001288,21/08/2026 18:57,10,,,CANCEL,M. SANDI PRAWIRA,,,
247,SM-D000256,ILS,Tanah Merdeka Petra - Sinarmas,24/08/2026 9:30,F1O0000558 - JKTG65209300,,INDAH KIAT PULP & PAPER TBK.,REGULER TRIP BASIS ( RTB),INDAH KIAT PULP & PAPER TBK.,CNTD40FT-RTB,24/08/2026 9:30,CNTD40FT,,40FT,2,EXPORT,FULL TRUCKING LOAD (EXP - IMP),PT. Indah Kiat Pulp & Paper - Karawang,,,PLB Karawang,,,DEPO ARROUND PRIOK - PLB KARAWANG (FULL) - 0 - 0,PTR.SQ.1001288,24/08/2026 9:30,2,,,CONFIRM,M. SANDI PRAWIRA,,,
248,SM-D000257,ILS,Tanah Merdeka Petra - Sinarmas,24/08/2026 9:30,F1O0001075 - 2336976720,,INDAH KIAT PULP & PAPER TBK.,REGULER TRIP BASIS ( RTB),INDAH KIAT PULP & PAPER TBK.,CNTD40FT-RTB,24/08/2026 9:30,CNTD40FT,,40FT,3,EXPORT,FULL TRUCKING LOAD (EXP - IMP),PT. Indah Kiat Pulp & Paper - Karawang,,,PLB Karawang,,,DEPO ARROUND PRIOK - PLB KARAWANG (FULL) - 0 - 0,PTR.SQ.1001288,24/08/2026 9:30,3,,,CONFIRM,M. SANDI PRAWIRA,,,
249,SM-D000258,ILS,Tanah Merdeka Petra - Sinarmas,24/08/2026 9:30,F1O0001080 - 2336976630,,INDAH KIAT PULP & PAPER TBK.,REGULER TRIP BASIS ( RTB),INDAH KIAT PULP & PAPER TBK.,CNTD40FT-RTB,24/08/2026 9:30,CNTD40FT,,40FT,2,EXPORT,FULL TRUCKING LOAD (EXP - IMP),PT. Indah Kiat Pulp & Paper - Karawang,,,PLB Karawang,,,DEPO ARROUND PRIOK - PLB KARAWANG (FULL) - 0 - 0,PTR.SQ.1001288,24/08/2026 9:30,2,,,CONFIRM,M. SANDI PRAWIRA,,,
250,SM-D000259,ILS,Tanah Merdeka Petra - Sinarmas,24/08/2026 9:30,F1O0000852 - EBKG17762931,,INDAH KIAT PULP & PAPER TBK.,REGULER TRIP BASIS ( RTB),INDAH KIAT PULP & PAPER TBK.,CNTD40FT-RTB,24/08/2026 9:30,CNTD40FT,,40FT,2,EXPORT,FULL TRUCKING LOAD (EXP - IMP),PT. Indah Kiat Pulp & Paper - Karawang,,,PLB Karawang,,,DEPO ARROUND PRIOK - PLB KARAWANG (FULL) - 0 - 0,PTR.SQ.1001288,24/08/2026 9:30,2,,,CONFIRM,M. SANDI PRAWIRA,,,
251,SM-D000260,ILS,Tanah Merdeka Petra - Sinarmas,24/08/2026 9:30,F1O0001061 - 080600566616,,INDAH KIAT PULP & PAPER TBK.,REGULER TRIP BASIS ( RTB),INDAH KIAT PULP & PAPER TBK.,CNTD40FT-RTB,24/08/2026 9:30,CNTD40FT,,40FT,2,EXPORT,FULL TRUCKING LOAD (EXP - IMP),PT. Indah Kiat Pulp & Paper - Karawang,,,MAL/T300,,,KARAWANG - TANJUNG PRIOK (IKK)  - 0 - 160,PTR.SQ.1001288,24/08/2026 9:30,2,,,CONFIRM,M. SANDI PRAWIRA,,,
252,SM-D000261,ILS,Tanah Merdeka Petra - Sinarmas,24/08/2026 11:17,F1O0000559 - JKT600660200,,INDAH KIAT PULP & PAPER TBK.,REGULER TRIP BASIS ( RTB),INDAH KIAT PULP & PAPER TBK.,CNTD40FT-RTB,24/08/2026 11:17,CNTD40FT,,40FT,3,EXPORT,FULL TRUCKING LOAD (EXP - IMP),PT. Indah Kiat Pulp & Paper - Karawang,,,UTC,,,KARAWANG - TANJUNG PRIOK (IKK)  - 0 - 160,PTR.SQ.1001288,24/08/2026 11:17,3,,,CONFIRM,M. SANDI PRAWIRA,,,
253,SM-D000262,ILS,Tanah Merdeka Petra - Sinarmas,24/08/2026 11:17,F1O0001064 - 080600566641,,INDAH KIAT PULP & PAPER TBK.,REGULER TRIP BASIS ( RTB),INDAH KIAT PULP & PAPER TBK.,CNTD40FT-RTB,24/08/2026 11:17,CNTD40FT,,40FT,5,EXPORT,FULL TRUCKING LOAD (EXP - IMP),PT. Indah Kiat Pulp & Paper - Karawang,,,MAL/T300,,,KARAWANG - TANJUNG PRIOK (IKK)  - 0 - 160,PTR.SQ.1001288,24/08/2026 11:17,5,,,CONFIRM,M. SANDI PRAWIRA,,,
254,SM-D000263,ILS,Tanah Merdeka Petra - Sinarmas,24/08/2026 11:17,F1O0001065 - 080600567396,,INDAH KIAT PULP & PAPER TBK.,REGULER TRIP BASIS ( RTB),INDAH KIAT PULP & PAPER TBK.,CNTD40FT-RTB,24/08/2026 11:17,CNTD40FT,,40FT,4,EXPORT,FULL TRUCKING LOAD (EXP - IMP),PT. Indah Kiat Pulp & Paper - Karawang,,,NPCT 1,,,KARAWANG - TANJUNG PRIOK (IKK)  - 0 - 160,PTR.SQ.1001288,24/08/2026 11:17,4,,,CONFIRM,M. SANDI PRAWIRA,,,
255,SM-D000264,ILS,Tanah Merdeka Petra - Sinarmas,24/08/2026 11:17,F1O0001087 - JKTG72628600,,INDAH KIAT PULP & PAPER TBK.,REGULER TRIP BASIS ( RTB),INDAH KIAT PULP & PAPER TBK.,CNTD40FT-RTB,24/08/2026 11:17,CNTD40FT,,40FT,9,EXPORT,FULL TRUCKING LOAD (EXP - IMP),PT. Indah Kiat Pulp & Paper - Karawang,,,PLB Karawang,,,DEPO ARROUND PRIOK - PLB KARAWANG (FULL) - 0 - 0,PTR.SQ.1001288,24/08/2026 11:17,9,,,CONFIRM,M. SANDI PRAWIRA,,,
256,SM-D000265,ILS,Tanah Merdeka Petra - Sinarmas,24/08/2026 16:33,F1O0001052 - GOSUJKT8132274,,INDAH KIAT PULP & PAPER TBK.,REGULER TRIP BASIS ( RTB),INDAH KIAT PULP & PAPER TBK.,CNTD40FT-RTB,24/08/2026 16:33,CNTD40FT,,40FT,35,EXPORT,FULL TRUCKING LOAD (EXP - IMP),PT. Indah Kiat Pulp & Paper - Karawang,,,PLB Karawang,,,DEPO ARROUND PRIOK - PLB KARAWANG (FULL) - 0 - 0,PTR.SQ.1001288,24/08/2026 16:33,35,,,CONFIRM,M. SANDI PRAWIRA,,,
257,SM-D000266,ILS,Tanah Merdeka Petra - Sinarmas,24/08/2026 16:33,F1O0001010 - JKTG66090900,,INDAH KIAT PULP & PAPER TBK.,REGULER TRIP BASIS ( RTB),INDAH KIAT PULP & PAPER TBK.,CNTD40FT-RTB,24/08/2026 16:33,CNTD40FT,,40FT,9,EXPORT,FULL TRUCKING LOAD (EXP - IMP),PT. Indah Kiat Pulp & Paper - Karawang,,,MAL/T300,,,KARAWANG - TANJUNG PRIOK (IKK)  - 0 - 160,PTR.SQ.1001288,24/08/2026 16:33,9,,,CONFIRM,M. SANDI PRAWIRA,,,
258,SM-D000267,ILS,Tanah Merdeka Petra - Sinarmas,24/08/2026 17:19,F1O0000994 - JKTG69262603,,INDAH KIAT PULP & PAPER TBK.,REGULER TRIP BASIS ( RTB),INDAH KIAT PULP & PAPER TBK.,CNTD40FT-RTB,24/08/2026 17:19,CNTD40FT,,40FT,2,EXPORT,FULL TRUCKING LOAD (EXP - IMP),PT. Indah Kiat Pulp & Paper - Karawang,,,UTC,,,KARAWANG (PLB) - PORT TJ PRIOK (FULL) - 0 - 0,PTR.SQ.1001288,24/08/2026 17:19,2,,,CONFIRM,M. SANDI PRAWIRA,,,
259,SM-D000268,ILS,Tanah Merdeka Petra - Sinarmas,24/08/2026 17:54,F1O0001088 - JKTG72632800,,INDAH KIAT PULP & PAPER TBK.,REGULER TRIP BASIS ( RTB),INDAH KIAT PULP & PAPER TBK.,CNTD40FT-RTB,24/08/2026 17:54,CNTD40FT,,40FT,2,EXPORT,FULL TRUCKING LOAD (EXP - IMP),PT. Indah Kiat Pulp & Paper - Karawang,,,PLB Karawang,,,DEPO ARROUND PRIOK - PLB KARAWANG (FULL) - 0 - 0,PTR.SQ.1001288,24/08/2026 17:54,2,,,CONFIRM,M. SANDI PRAWIRA,,,
260,SM-D000269,ILS,Tanah Merdeka Petra - Sinarmas,24/08/2026 17:54,F1O0000984 - 80333816,,INDAH KIAT PULP & PAPER TBK.,REGULER TRIP BASIS ( RTB),INDAH KIAT PULP & PAPER TBK.,CNTD40FT-RTB,24/08/2026 17:54,CNTD40FT,,40FT,2,EXPORT,FULL TRUCKING LOAD (EXP - IMP),PT. Indah Kiat Pulp & Paper - Karawang,,,PLB Karawang,,,DEPO ARROUND PRIOK - PLB KARAWANG (FULL) - 0 - 0,PTR.SQ.1001288,24/08/2026 17:54,2,,,CONFIRM,M. SANDI PRAWIRA,,,
261,SM-D000270,ILS,Tanah Merdeka Petra - Sinarmas,24/08/2026 17:54,F1O0000985 - 31226039,,INDAH KIAT PULP & PAPER TBK.,REGULER TRIP BASIS ( RTB),INDAH KIAT PULP & PAPER TBK.,CNTD40FT-RTB,24/08/2026 17:54,CNTD40FT,,40FT,1,EXPORT,FULL TRUCKING LOAD (EXP - IMP),PT. Indah Kiat Pulp & Paper - Karawang,,,PLB Karawang,,,DEPO ARROUND PRIOK - PLB KARAWANG (FULL) - 0 - 0,PTR.SQ.1001288,24/08/2026 17:54,1,,,CONFIRM,M. SANDI PRAWIRA,,,
262,SM-D000271,ILS,Tanah Merdeka Petra - Sinarmas,25/08/2026 11:32,F1O0000628,,INDAH KIAT PULP & PAPER TBK.,REGULER TRIP BASIS ( RTB),INDAH KIAT PULP & PAPER TBK.,CNTD40FT-RTB,25/08/2026 11:32,CNTD40FT,,40FT,3,EXPORT,FULL TRUCKING LOAD (EXP - IMP),PT. Indah Kiat Pulp & Paper - Karawang,,,KOJA,,,KARAWANG - TANJUNG PRIOK (IKK)  - 0 - 160,PTR.SQ.1001288,25/08/2026 11:32,3,,,CONFIRM,M. SANDI PRAWIRA,,,
263,SM-D000272,ILS,Tanah Merdeka Petra - Sinarmas,26/08/2026 11:05,F1O0000982 - JKTG69324500,,INDAH KIAT PULP & PAPER TBK.,REGULER TRIP BASIS ( RTB),INDAH KIAT PULP & PAPER TBK.,CNTD40FT-RTB,26/08/2026 11:05,CNTD40FT,,40FT,2,EXPORT,FULL TRUCKING LOAD (EXP - IMP),PT. Indah Kiat Pulp & Paper - Karawang,,,KOJA,,,KARAWANG - TANJUNG PRIOK (IKK)  - 0 - 160,PTR.SQ.1001288,25/08/2026 11:32,2,,,CONFIRM,M. SANDI PRAWIRA,,,
264,SM-D000273,ILS,Tanah Merdeka Petra - Sinarmas,26/08/2026 12:04,F1O0000835 - JKTG59814800,,INDAH KIAT PULP & PAPER TBK.,REGULER TRIP BASIS ( RTB),INDAH KIAT PULP & PAPER TBK.,CNTD40FT-RTB,26/08/2026 11:05,CNTD40FT,,40FT,4,EXPORT,FULL TRUCKING LOAD (EXP - IMP),PT. Indah Kiat Pulp & Paper - Karawang,,,UTC,,,KARAWANG (PLB) - PORT TJ PRIOK (FULL) - 0 - 0,PTR.SQ.1001288,26/08/2026 12:04,4,,,CONFIRM,M. SANDI PRAWIRA,,,
265,SM-D000274,ILS,Tanah Merdeka Petra - Sinarmas,26/08/2026 12:04,F1O0000834 - JKTG59814801,,INDAH KIAT PULP & PAPER TBK.,REGULER TRIP BASIS ( RTB),INDAH KIAT PULP & PAPER TBK.,CNTD40FT-RTB,26/08/2026 11:05,CNTD40FT,,40FT,5,EXPORT,FULL TRUCKING LOAD (EXP - IMP),PT. Indah Kiat Pulp & Paper - Karawang,,,UTC,,,KARAWANG (PLB) - PORT TJ PRIOK (FULL) - 0 - 0,PTR.SQ.1001288,26/08/2026 12:04,5,,,CONFIRM,M. SANDI PRAWIRA,,,
266,SM-D000275,ILS,Tanah Merdeka Petra - Sinarmas,26/08/2026 19:16,F1O0000689- 2334149940,,INDAH KIAT PULP & PAPER TBK.,REGULER TRIP BASIS ( RTB),INDAH KIAT PULP & PAPER TBK.,CNTD40FT-RTB,26/08/2026 19:16,CNTD40FT,,40FT,13,EXPORT,FULL TRUCKING LOAD (EXP - IMP),PT. Indah Kiat Pulp & Paper - Karawang,,,UTC,,,KARAWANG (PLB) - PORT TJ PRIOK (FULL) - 0 - 0,PTR.SQ.1001288,26/08/2026 19:16,13,,,CONFIRM,M. SANDI PRAWIRA,,,
267,SM-D000276,ILS,Tanah Merdeka Petra - Sinarmas,26/08/2026 10:16,F1O0000558 - JKTG65209300,,INDAH KIAT PULP & PAPER TBK.,REGULER TRIP BASIS ( RTB),INDAH KIAT PULP & PAPER TBK.,CNTD40FT-RTB,26/08/2026 19:16,CNTD40FT,,40FT,`1,EXPORT,FULL TRUCKING LOAD (EXP - IMP),PT. Indah Kiat Pulp & Paper - Karawang,,,KOJA,,,KARAWANG (PLB) - PORT TJ PRIOK (FULL) - 0 - 0,PTR.SQ.1001288,26/08/2026 19:16,1,,,CONFIRM,M. SANDI PRAWIRA,,,
268,SM-D000277,ILS,Tanah Merdeka Petra - Sinarmas,26/08/2026 21:57,F1O0001112 - 2337405590,,INDAH KIAT PULP & PAPER TBK.,REGULER TRIP BASIS ( RTB),INDAH KIAT PULP & PAPER TBK.,CNTD40FT-RTB,27/08/2026 10:00,CNTD40FT,,40FT,2,EXPORT,FULL TRUCKING LOAD (EXP - IMP),PT. Indah Kiat Pulp & Paper - Karawang,,,PLB Karawang,,,DEPO ARROUND PRIOK - PLB KARAWANG (FULL) - 0 - 0,PTR.SQ.1001288,26/08/2026 21:57,2,,,CONFIRM,M. SANDI PRAWIRA,,,
269,SM-D000278,ILS,Tanah Merdeka Petra - Sinarmas,26/08/2026 21:57,F1O0001113 - JKTG72341500,,INDAH KIAT PULP & PAPER TBK.,REGULER TRIP BASIS ( RTB),INDAH KIAT PULP & PAPER TBK.,CNTD40FT-RTB,27/08/2026 10:00,CNTD40FT,,40FT,3,EXPORT,FULL TRUCKING LOAD (EXP - IMP),PT. Indah Kiat Pulp & Paper - Karawang,,,PLB Karawang,,,DEPO ARROUND PRIOK - PLB KARAWANG (FULL) - 0 - 0,PTR.SQ.1001288,26/08/2026 21:57,3,,,CONFIRM,M. SANDI PRAWIRA,,,
270,SM-D000279,ILS,Tanah Merdeka Petra - Sinarmas,26/08/2026 21:57,F1O0001114 - 2337404980,,INDAH KIAT PULP & PAPER TBK.,REGULER TRIP BASIS ( RTB),INDAH KIAT PULP & PAPER TBK.,CNTD40FT-RTB,27/08/2026 10:00,CNTD40FT,,40FT,2,EXPORT,FULL TRUCKING LOAD (EXP - IMP),PT. Indah Kiat Pulp & Paper - Karawang,,,PLB Karawang,,,DEPO ARROUND PRIOK - PLB KARAWANG (FULL) - 0 - 0,PTR.SQ.1001288,26/08/2026 21:57,2,,,CONFIRM,M. SANDI PRAWIRA,,,
271,SM-D000280,ILS,Tanah Merdeka Petra - Sinarmas,26/08/2026 21:57,F1O0001115 - JKTG71925500,,INDAH KIAT PULP & PAPER TBK.,REGULER TRIP BASIS ( RTB),INDAH KIAT PULP & PAPER TBK.,CNTD40FT-RTB,27/08/2026 10:00,CNTD40FT,,40FT,1,EXPORT,FULL TRUCKING LOAD (EXP - IMP),PT. Indah Kiat Pulp & Paper - Karawang,,,PLB Karawang,,,DEPO ARROUND PRIOK - PLB KARAWANG (FULL) - 0 - 0,PTR.SQ.1001288,26/08/2026 21:57,1,,,CONFIRM,M. SANDI PRAWIRA,,,
272,SM-D000281,ILS,Tanah Merdeka Petra - Sinarmas,26/08/2026 21:57,F1O0001120 - 2337405720,,INDAH KIAT PULP & PAPER TBK.,REGULER TRIP BASIS ( RTB),INDAH KIAT PULP & PAPER TBK.,CNTD40FT-RTB,27/08/2026 10:00,CNTD40FT,,40FT,2,EXPORT,FULL TRUCKING LOAD (EXP - IMP),PT. Indah Kiat Pulp & Paper - Karawang,,,PLB Karawang,,,DEPO ARROUND PRIOK - PLB KARAWANG (FULL) - 0 - 0,PTR.SQ.1001288,26/08/2026 21:57,2,,,CONFIRM,M. SANDI PRAWIRA,,,
273,SM-D000282,ILS,Tanah Merdeka Petra - Sinarmas,26/08/2026 21:57,F1O0001122 - JKTG73920900,,INDAH KIAT PULP & PAPER TBK.,REGULER TRIP BASIS ( RTB),INDAH KIAT PULP & PAPER TBK.,CNTD40FT-RTB,27/08/2026 10:00,CNTD40FT,,40FT,1,EXPORT,FULL TRUCKING LOAD (EXP - IMP),PT. Indah Kiat Pulp & Paper - Karawang,,,PLB Karawang,,,DEPO ARROUND PRIOK - PLB KARAWANG (FULL) - 0 - 0,PTR.SQ.1001288,26/08/2026 21:57,1,,,CONFIRM,M. SANDI PRAWIRA,,,
274,SM-D000283,ILS,Tanah Merdeka Petra - Sinarmas,27/08/2026 0:30, F1O0000744 - GOSUJKT8130166,,INDAH KIAT PULP & PAPER TBK.,REGULER TRIP BASIS ( RTB),INDAH KIAT PULP & PAPER TBK.,CNTD40FT-RTB,27/08/2026 8:00,CNTD40FT,,40FT,18,EXPORT,FULL TRUCKING LOAD (EXP - IMP),PT. Indah Kiat Pulp & Paper - Karawang,,,UTC,,,KARAWANG (PLB) - PORT TJ PRIOK (FULL) - 0 - 0,PTR.SQ.1001288,27/08/2026 0:33,18,,,CONFIRM,ABIMANYU PUTRA,,,
275,SM-D000284,ILS,Tanah Merdeka Petra - Sinarmas,27/08/2026 9:47,F1O0001073 - 17211206,,INDAH KIAT PULP & PAPER TBK.,REGULER TRIP BASIS ( RTB),INDAH KIAT PULP & PAPER TBK.,CNTD40FT-RTB,27/08/2026 10:00,CNTD40FT,,40FT,6,EXPORT,FULL TRUCKING LOAD (EXP - IMP),PT. Indah Kiat Pulp & Paper - Karawang,,,PLB Karawang,,,DEPO ARROUND PRIOK - PLB KARAWANG (FULL) - 0 - 0,PTR.SQ.1001288,27/08/2026 9:47,6,,,CONFIRM,M. SANDI PRAWIRA,,,
276,SM-D000285,ILS,Tanah Merdeka Petra - Sinarmas,27/08/2026 10:31,F1O0001127 - 2337177230,,INDAH KIAT PULP & PAPER TBK.,REGULER TRIP BASIS ( RTB),INDAH KIAT PULP & PAPER TBK.,CNTD40FT-RTB,27/08/2026 11:00,CNTD40FT,,40FT,5,EXPORT,FULL TRUCKING LOAD (EXP - IMP),PT. Indah Kiat Pulp & Paper - Karawang,,,KOJA,,,KARAWANG - TANJUNG PRIOK (IKK)  - 0 - 160,PTR.SQ.1001288,27/08/2026 10:31,5,,,CONFIRM,M. SANDI PRAWIRA,,,
277,SM-D000286,ILS,Tanah Merdeka Petra - Sinarmas,27/08/2026 13:56,F1O0000715 - 274592088,,INDAH KIAT PULP & PAPER TBK.,REGULER TRIP BASIS ( RTB),INDAH KIAT PULP & PAPER TBK.,CNTD40FT-RTB,27/08/2026 18:00,CNTD40FT,,40FT,15,EXPORT,FULL TRUCKING LOAD (EXP - IMP),BSA,,,NPCT 1,,,Depo BSA & Priok - Pelabuhan Tj Priok - 0 - 0,PTR.SQ.1001288,27/08/2026 13:56,15,,,CONFIRM,M. SANDI PRAWIRA,,,
278,SM-D000287,ILS,Tanah Merdeka Petra - Sinarmas,27/08/2026 13:56,F1O0000908 - JKTG69814900,,INDAH KIAT PULP & PAPER TBK.,REGULER TRIP BASIS ( RTB),INDAH KIAT PULP & PAPER TBK.,CNTD40FT-RTB,27/08/2026 18:00,CNTD40FT,,40FT,3,EXPORT,FULL TRUCKING LOAD (EXP - IMP),BSA,,,UTC,,,Depo BSA & Priok - Pelabuhan Tj Priok - 0 - 0,PTR.SQ.1001288,27/08/2026 13:56,3,,,CONFIRM,M. SANDI PRAWIRA,,,
279,SM-D000288,ILS,Tanah Merdeka Petra - Sinarmas,27/08/2026 14:48,F1O0000797 - EBKG18225812,,INDAH KIAT PULP & PAPER TBK.,REGULER TRIP BASIS ( RTB),INDAH KIAT PULP & PAPER TBK.,CNTD40FT-RTB,27/08/2026 18:00,CNTD40FT,,40FT,9,EXPORT,FULL TRUCKING LOAD (EXP - IMP),BSA,,,KOJA,,,Depo BSA & Priok - Pelabuhan Tj Priok - 0 - 0,PTR.SQ.1001288,27/08/2026 14:48,9,,,CONFIRM,M. SANDI PRAWIRA,,,
280,SM-D000289,ILS,Tanah Merdeka Petra - Sinarmas,27/08/2026 15:03,F1O0000982 - JKTG69324500,,INDAH KIAT PULP & PAPER TBK.,REGULER TRIP BASIS ( RTB),INDAH KIAT PULP & PAPER TBK.,CNTD40FT-RTB,27/08/2026 18:00,CNTD40FT,,40FT,18,EXPORT,FULL TRUCKING LOAD (EXP - IMP),BSA,,,KOJA,,,Depo BSA & Priok - Pelabuhan Tj Priok - 0 - 0,PTR.SQ.1001288,27/08/2026 15:03,18,,,CONFIRM,M. SANDI PRAWIRA,,,
281,SM-D000290,ILS,Tanah Merdeka Petra - Sinarmas,27/08/2026 16:13,F1O0001005 - 2337027290,,INDAH KIAT PULP & PAPER TBK.,REGULER TRIP BASIS ( RTB),INDAH KIAT PULP & PAPER TBK.,CNTD40FT-RTB,27/08/2026 18:00,CNTD40FT,,40FT,6,EXPORT,FULL TRUCKING LOAD (EXP - IMP),PT. Indah Kiat Pulp & Paper - Karawang,,,PLB Karawang,,,DEPO ARROUND PRIOK - PLB KARAWANG (FULL) - 0 - 0,PTR.SQ.1001288,27/08/2026 16:13,6,,,CONFIRM,M. SANDI PRAWIRA,,,
282,SM-D000291,ILS,Tanah Merdeka Petra - Sinarmas,27/08/2026 16:13,F1O0001086 - 2337540270,,INDAH KIAT PULP & PAPER TBK.,REGULER TRIP BASIS ( RTB),INDAH KIAT PULP & PAPER TBK.,CNTD40FT-RTB,27/08/2026 18:00,CNTD40FT,,40FT,3,EXPORT,FULL TRUCKING LOAD (EXP - IMP),PT. Indah Kiat Pulp & Paper - Karawang,,,PLB Karawang,,,DEPO ARROUND PRIOK - PLB KARAWANG (FULL) - 0 - 0,PTR.SQ.1001288,27/08/2026 16:13,3,,,CONFIRM,M. SANDI PRAWIRA,,,
283,SM-D000292,ILS,Tanah Merdeka Petra - Sinarmas,27/08/2026 23:13,F1O0000987 - 274474020,,INDAH KIAT PULP & PAPER TBK.,REGULER TRIP BASIS ( RTB),INDAH KIAT PULP & PAPER TBK.,CNTD40FT-RTB,28/08/2026 1:00,CNTD40FT,,40FT,12,EXPORT,FULL TRUCKING LOAD (EXP - IMP),PLB Karawang,,,PLB Karawang,,,KARAWANG (PLB) - PORT TJ PRIOK (FULL) - 0 - 0,PTR.SQ.1001288,27/08/2026 23:16,12,,,CONFIRM,ABIMANYU PUTRA,,,
284,SM-D000293,ILS,Tanah Merdeka Petra - Sinarmas,28/08/2026 13:40,F1O0001032,,INDAH KIAT PULP & PAPER TBK.,REGULER TRIP BASIS ( RTB),INDAH KIAT PULP & PAPER TBK.,CNTD40FT-RTB,28/08/2026 13:40,CNTD40FT,,40FT,8,EXPORT,FULL TRUCKING LOAD (EXP - IMP),PT. Indah Kiat Pulp & Paper - Karawang,,,NPCT 1,,,KARAWANG (PLB) - PORT TJ PRIOK (FULL) - 0 - 0,PTR.SQ.1001288,28/08/2026 13:40,8,,,CONFIRM,M. SANDI PRAWIRA,,,
285,SM-D000294,ILS,Tanah Merdeka Petra - Sinarmas,28/08/2026 14:31,F1O0000587 - JKTG54657802,,INDAH KIAT PULP & PAPER TBK.,REGULER TRIP BASIS ( RTB),INDAH KIAT PULP & PAPER TBK.,CNTD40FT-RTB,28/08/2026 13:40,CNTD40FT,,40FT,1,EXPORT,FULL TRUCKING LOAD (EXP - IMP),PT. Indah Kiat Pulp & Paper - Karawang,,,NPCT 1,,,KARAWANG - TANJUNG PRIOK (IKK)  - 0 - 160,PTR.SQ.1001288,28/08/2026 14:31,1,,,CONFIRM,M. SANDI PRAWIRA,,,
286,SM-D000295,ILS,Tanah Merdeka Petra - Sinarmas,28/08/2026 14:31,F1O0000588 - JKTG54657804,,INDAH KIAT PULP & PAPER TBK.,REGULER TRIP BASIS ( RTB),INDAH KIAT PULP & PAPER TBK.,CNTD40FT-RTB,28/08/2026 13:40,CNTD40FT,,40FT,1,EXPORT,FULL TRUCKING LOAD (EXP - IMP),PT. Indah Kiat Pulp & Paper - Karawang,,,NPCT 1,,,KARAWANG - TANJUNG PRIOK (IKK)  - 0 - 160,PTR.SQ.1001288,28/08/2026 14:31,1,,,CONFIRM,M. SANDI PRAWIRA,,,
287,SM-D000296,ILS,Tanah Merdeka Petra - Sinarmas,28/08/2026 16:09,F1O0001118 - 12938472,,INDAH KIAT PULP & PAPER TBK.,REGULER TRIP BASIS ( RTB),INDAH KIAT PULP & PAPER TBK.,CNTD40FT-RTB,28/08/2026 16:09,CNTD40FT,,40FT,6,EXPORT,FULL TRUCKING LOAD (EXP - IMP),PT. Indah Kiat Pulp & Paper - Karawang,,,PLB Karawang,,,DEPO ARROUND PRIOK - PLB KARAWANG (FULL) - 0 - 0,PTR.SQ.1001288,28/08/2026 16:09,6,,,CONFIRM,M. SANDI PRAWIRA,,,
288,SM-D000297,ILS,Tanah Merdeka Petra - Sinarmas,28/08/2026 16:09,F1O0000928 - JKTG72852500,,INDAH KIAT PULP & PAPER TBK.,REGULER TRIP BASIS ( RTB),INDAH KIAT PULP & PAPER TBK.,CNTD40FT-RTB,28/08/2026 16:09,CNTD40FT,,40FT,1,EXPORT,FULL TRUCKING LOAD (EXP - IMP),PT. Indah Kiat Pulp & Paper - Karawang,,,PLB Karawang,,,DEPO ARROUND PRIOK - PLB KARAWANG (FULL) - 0 - 0,PTR.SQ.1001288,28/08/2026 16:09,1,,,CONFIRM,M. SANDI PRAWIRA,,,
289,SM-D000298,ILS,Tanah Merdeka Petra - Sinarmas,28/08/2026 16:09,F1O0001054 - JKTG71917600,,INDAH KIAT PULP & PAPER TBK.,REGULER TRIP BASIS ( RTB),INDAH KIAT PULP & PAPER TBK.,CNTD40FT-RTB,28/08/2026 16:09,CNTD40FT,,40FT,4,EXPORT,FULL TRUCKING LOAD (EXP - IMP),PT. Indah Kiat Pulp & Paper - Karawang,,,MAL/T300,,,KARAWANG - TANJUNG PRIOK (IKK)  - 0 - 160,PTR.SQ.1001288,28/08/2026 16:09,4,,,CONFIRM,M. SANDI PRAWIRA,,,
290,SM-D000299,ILS,Tanah Merdeka Petra - Sinarmas,28/08/2026 16:09,F1O0001145 - EBKG18309348,,INDAH KIAT PULP & PAPER TBK.,REGULER TRIP BASIS ( RTB),INDAH KIAT PULP & PAPER TBK.,CNTD40FT-RTB,28/08/2026 16:09,CNTD40FT,,40FT,15,EXPORT,FULL TRUCKING LOAD (EXP - IMP),PT. Indah Kiat Pulp & Paper - Karawang,,,PLB Karawang,,,DEPO ARROUND PRIOK - PLB KARAWANG (FULL) - 0 - 0,PTR.SQ.1001288,28/08/2026 16:09,15,,,CONFIRM,M. SANDI PRAWIRA,,,
291,SM-D000300,ILS,Tanah Merdeka Petra - Sinarmas,28/08/2026 17:08,F1O0000879 - EBKG18386359,,INDAH KIAT PULP & PAPER TBK.,REGULER TRIP BASIS ( RTB),INDAH KIAT PULP & PAPER TBK.,CNTD40FT-RTB,28/08/2026 17:08,CNTD40FT,,40FT,1,EXPORT,FULL TRUCKING LOAD (EXP - IMP),PT. Indah Kiat Pulp & Paper - Karawang,,,PLB Karawang,,,DEPO ARROUND PRIOK - PLB KARAWANG (FULL) - 0 - 0,PTR.SQ.1001288,28/08/2026 17:08,1,,,CONFIRM,M. SANDI PRAWIRA,,,
292,SM-D000301,ILS,Tanah Merdeka Petra - Sinarmas,28/08/2026 17:08,F1O0000920 - JKTG67496600,,INDAH KIAT PULP & PAPER TBK.,REGULER TRIP BASIS ( RTB),INDAH KIAT PULP & PAPER TBK.,CNTD40FT-RTB,28/08/2026 17:08,CNTD40FT,,40FT,2,EXPORT,FULL TRUCKING LOAD (EXP - IMP),PT. Indah Kiat Pulp & Paper - Karawang,,,PLB Karawang,,,DEPO ARROUND PRIOK - PLB KARAWANG (FULL) - 0 - 0,PTR.SQ.1001288,28/08/2026 17:08,2,,,CONFIRM,M. SANDI PRAWIRA,,,
293,SM-D000302,ILS,Tanah Merdeka Petra - Sinarmas,28/08/2026 17:08,F1O0001111 - 2337405480,,INDAH KIAT PULP & PAPER TBK.,REGULER TRIP BASIS ( RTB),INDAH KIAT PULP & PAPER TBK.,CNTD40FT-RTB,28/08/2026 17:08,CNTD40FT,,40FT,2,EXPORT,FULL TRUCKING LOAD (EXP - IMP),PT. Indah Kiat Pulp & Paper - Karawang,,,PLB Karawang,,,DEPO ARROUND PRIOK - PLB KARAWANG (FULL) - 0 - 0,PTR.SQ.1001288,28/08/2026 17:08,2,,,CONFIRM,M. SANDI PRAWIRA,,,
294,SM-D000303,ILS,Tanah Merdeka Petra - Sinarmas,28/08/2026 18:06,F1O0000578 - EBKG17722778,,INDAH KIAT PULP & PAPER TBK.,REGULER TRIP BASIS ( RTB),INDAH KIAT PULP & PAPER TBK.,CNTD40FT-RTB,28/08/2026 18:06,CNTD40FT,,40FT,1,EXPORT,FULL TRUCKING LOAD (EXP - IMP),PT. Indah Kiat Pulp & Paper - Karawang,,,PLB Karawang,,,DEPO ARROUND PRIOK - PLB KARAWANG (FULL) - 0 - 0,PTR.SQ.1001288,28/08/2026 17:08,1,,,CONFIRM,M. SANDI PRAWIRA,,,
295,SM-D000304,ILS,Tanah Merdeka Petra - Sinarmas,28/08/2026 18:06,F1O0000586 - EBKG17746057,,INDAH KIAT PULP & PAPER TBK.,REGULER TRIP BASIS ( RTB),INDAH KIAT PULP & PAPER TBK.,CNTD40FT-RTB,28/08/2026 18:06,CNTD40FT,,40FT,1,EXPORT,FULL TRUCKING LOAD (EXP - IMP),PT. Indah Kiat Pulp & Paper - Karawang,,,PLB Karawang,,,DEPO ARROUND PRIOK - PLB KARAWANG (FULL) - 0 - 0,PTR.SQ.1001288,28/08/2026 17:08,1,,,CONFIRM,M. SANDI PRAWIRA,,,
296,SM-D000305,ILS,Tanah Merdeka Petra - Sinarmas,28/08/2026 18:06,F1O0000592 - EBKG18267344,,INDAH KIAT PULP & PAPER TBK.,REGULER TRIP BASIS ( RTB),INDAH KIAT PULP & PAPER TBK.,CNTD40FT-RTB,28/08/2026 18:06,CNTD40FT,,40FT,2,EXPORT,FULL TRUCKING LOAD (EXP - IMP),PT. Indah Kiat Pulp & Paper - Karawang,,,PLB Karawang,,,DEPO ARROUND PRIOK - PLB KARAWANG (FULL) - 0 - 0,PTR.SQ.1001288,28/08/2026 17:08,2,,,CONFIRM,M. SANDI PRAWIRA,,,
297,SM-D000306,ILS,Tanah Merdeka Petra - Sinarmas,28/08/2026 18:06,F1O0000906 - EBKG18074947,,INDAH KIAT PULP & PAPER TBK.,REGULER TRIP BASIS ( RTB),INDAH KIAT PULP & PAPER TBK.,CNTD40FT-RTB,28/08/2026 18:06,CNTD40FT,,40FT,2,EXPORT,FULL TRUCKING LOAD (EXP - IMP),PT. Indah Kiat Pulp & Paper - Karawang,,,PLB Karawang,,,DEPO ARROUND PRIOK - PLB KARAWANG (FULL) - 0 - 0,PTR.SQ.1001288,28/08/2026 17:08,2,,,CONFIRM,M. SANDI PRAWIRA,,,
298,SM-D000307,ILS,Tanah Merdeka Petra - Sinarmas,28/08/2026 18:06,F1O0000922 - JKTG67502800,,INDAH KIAT PULP & PAPER TBK.,REGULER TRIP BASIS ( RTB),INDAH KIAT PULP & PAPER TBK.,CNTD40FT-RTB,28/08/2026 18:06,CNTD40FT,,40FT,2,EXPORT,FULL TRUCKING LOAD (EXP - IMP),PT. Indah Kiat Pulp & Paper - Karawang,,,KOJA,,,KARAWANG - TANJUNG PRIOK (IKK)  - 0 - 160,PTR.SQ.1001288,28/08/2026 17:08,2,,,CONFIRM,M. SANDI PRAWIRA,,,
299,SM-D000308,ILS,Tanah Merdeka Petra - Sinarmas,28/08/2026 18:06,F1O0000925 - EBKG18125529,,INDAH KIAT PULP & PAPER TBK.,REGULER TRIP BASIS ( RTB),INDAH KIAT PULP & PAPER TBK.,CNTD40FT-RTB,28/08/2026 18:06,CNTD40FT,,40FT,2,EXPORT,FULL TRUCKING LOAD (EXP - IMP),PT. Indah Kiat Pulp & Paper - Karawang,,,PLB Karawang,,,DEPO ARROUND PRIOK - PLB KARAWANG (FULL) - 0 - 0,PTR.SQ.1001288,28/08/2026 17:08,2,,,CONFIRM,M. SANDI PRAWIRA,,,
300,SM-D000309,ILS,Tanah Merdeka Petra - Sinarmas,28/08/2026 18:06,F1O0001058 - 90390238,,INDAH KIAT PULP & PAPER TBK.,REGULER TRIP BASIS ( RTB),INDAH KIAT PULP & PAPER TBK.,CNTD40FT-RTB,28/08/2026 18:06,CNTD40FT,,40FT,1,EXPORT,FULL TRUCKING LOAD (EXP - IMP),PT. Indah Kiat Pulp & Paper - Karawang,,,PLB Karawang,,,DEPO ARROUND PRIOK - PLB KARAWANG (FULL) - 0 - 0,PTR.SQ.1001288,28/08/2026 17:08,1,,,CONFIRM,M. SANDI PRAWIRA,,,
301,SM-D000310,ILS,Tanah Merdeka Petra - Sinarmas,28/08/2026 18:06,F1O0001059 - 47341659,,INDAH KIAT PULP & PAPER TBK.,REGULER TRIP BASIS ( RTB),INDAH KIAT PULP & PAPER TBK.,CNTD40FT-RTB,28/08/2026 18:06,CNTD40FT,,40FT,1,EXPORT,FULL TRUCKING LOAD (EXP - IMP),PT. Indah Kiat Pulp & Paper - Karawang,,,PLB Karawang,,,DEPO ARROUND PRIOK - PLB KARAWANG (FULL) - 0 - 0,PTR.SQ.1001288,28/08/2026 17:08,1,,,CONFIRM,M. SANDI PRAWIRA,,,
302,SM-D000311,ILS,Tanah Merdeka Petra - Sinarmas,28/08/2026 18:06,F1O0000536 - JKTG63090600,,INDAH KIAT PULP & PAPER TBK.,REGULER TRIP BASIS ( RTB),INDAH KIAT PULP & PAPER TBK.,CNTD40FT-RTB,28/08/2026 18:06,CNTD40FT,,40FT,6,EXPORT,FULL TRUCKING LOAD (EXP - IMP),PT. Indah Kiat Pulp & Paper - Karawang,,,NPCT 1,,,KARAWANG - TANJUNG PRIOK (IKK)  - 0 - 160,PTR.SQ.1001288,28/08/2026 17:08,6,,,CONFIRM,M. SANDI PRAWIRA,,,
303,SM-D000312,ILS,Tanah Merdeka Petra - Sinarmas,28/08/2026 18:06,F1O0001092 - JKTG72643300,,INDAH KIAT PULP & PAPER TBK.,REGULER TRIP BASIS ( RTB),INDAH KIAT PULP & PAPER TBK.,CNTD40FT-RTB,28/08/2026 18:06,CNTD40FT,,40FT,5,EXPORT,FULL TRUCKING LOAD (EXP - IMP),PT. Indah Kiat Pulp & Paper - Karawang,,,UTC,,,KARAWANG - TANJUNG PRIOK (IKK)  - 0 - 160,PTR.SQ.1001288,28/08/2026 17:08,5,,,CONFIRM,M. SANDI PRAWIRA,,,
304,SM-D000313,ILS,Tanah Merdeka Petra - Sinarmas,28/08/2026 18:06,F1O0000905 - EBKG18196982,,INDAH KIAT PULP & PAPER TBK.,REGULER TRIP BASIS ( RTB),INDAH KIAT PULP & PAPER TBK.,CNTD40FT-RTB,28/08/2026 18:06,CNTD40FT,,40FT,2,EXPORT,FULL TRUCKING LOAD (EXP - IMP),PT. Indah Kiat Pulp & Paper - Karawang,,,,,,KARAWANG - TANJUNG PRIOK (IKK)  - 0 - 160,PTR.SQ.1001288,28/08/2026 17:08,2,,,CONFIRM,M. SANDI PRAWIRA,,,
305,SM-D000314,ILS,Tanah Merdeka Petra - Sinarmas,28/08/2026 18:06,F1O0000642 - EBKG18208295,,INDAH KIAT PULP & PAPER TBK.,REGULER TRIP BASIS ( RTB),INDAH KIAT PULP & PAPER TBK.,CNTD40FT-RTB,28/08/2026 18:06,CNTD40FT,,40FT,9,EXPORT,FULL TRUCKING LOAD (EXP - IMP),PT. Indah Kiat Pulp & Paper - Karawang,,,KOJA,,,KARAWANG - TANJUNG PRIOK (IKK)  - 0 - 160,PTR.SQ.1001288,28/08/2026 17:08,9,,,CONFIRM,M. SANDI PRAWIRA,,,
306,SM-D000315,ILS,Tanah Merdeka Petra - Sinarmas,29/08/2026 8:30,F1O0000985 - 31226039,,INDAH KIAT PULP & PAPER TBK.,REGULER TRIP BASIS ( RTB),INDAH KIAT PULP & PAPER TBK.,CNTD40FT-RTB,29/08/2026 8:30,CNTD40FT,,40FT,1,EXPORT,FULL TRUCKING LOAD (EXP - IMP),PT. Indah Kiat Pulp & Paper - Karawang,,,NPCT 1,,,KARAWANG (PLB) - PORT TJ PRIOK (FULL) - 0 - 0,PTR.SQ.1001288,29/08/2026 8:30,1,,,CONFIRM,M. SANDI PRAWIRA,,,
307,SM-D000316,ILS,Tanah Merdeka Petra - Sinarmas,29/08/2026 13:55,F1O0001140 - EBKG18408505,,INDAH KIAT PULP & PAPER TBK.,REGULER TRIP BASIS ( RTB),INDAH KIAT PULP & PAPER TBK.,CNTD40FT-RTB,29/08/2026 13:55,CNTD40FT,,40FT,1,EXPORT,FULL TRUCKING LOAD (EXP - IMP),PT. Indah Kiat Pulp & Paper - Karawang,,,PLB Karawang,,,DEPO ARROUND PRIOK - PLB KARAWANG (FULL) - 0 - 0,PTR.SQ.1001288,29/08/2026 13:55,1,,,CONFIRM,M. SANDI PRAWIRA,,,
308,SM-D000317,ILS,Tanah Merdeka Petra - Sinarmas,29/08/2026 13:55,F1O0001137 - EBKG18410723,,INDAH KIAT PULP & PAPER TBK.,REGULER TRIP BASIS ( RTB),INDAH KIAT PULP & PAPER TBK.,CNTD40FT-RTB,29/08/2026 13:55,CNTD40FT,,40FT,1,EXPORT,FULL TRUCKING LOAD (EXP - IMP),PT. Indah Kiat Pulp & Paper - Karawang,,,PLB Karawang,,,DEPO ARROUND PRIOK - PLB KARAWANG (FULL) - 0 - 0,PTR.SQ.1001288,29/08/2026 13:55,1,,,CONFIRM,M. SANDI PRAWIRA,,,
309,SM-D000318,ILS,Tanah Merdeka Petra - Sinarmas,29/08/2026 13:55,F1O0001123 - JKTG71388800,,INDAH KIAT PULP & PAPER TBK.,REGULER TRIP BASIS ( RTB),INDAH KIAT PULP & PAPER TBK.,CNTD40FT-RTB,29/08/2026 13:55,CNTD40FT,,40FT,1,EXPORT,FULL TRUCKING LOAD (EXP - IMP),PT. Indah Kiat Pulp & Paper - Karawang,,,PLB Karawang,,,DEPO ARROUND PRIOK - PLB KARAWANG (FULL) - 0 - 0,PTR.SQ.1001288,29/08/2026 13:55,1,,,CONFIRM,M. SANDI PRAWIRA,,,
310,SM-D000319,ILS,Tanah Merdeka Petra - Sinarmas,29/08/2026 13:55,F1O0001007 - 2337027450,,INDAH KIAT PULP & PAPER TBK.,REGULER TRIP BASIS ( RTB),INDAH KIAT PULP & PAPER TBK.,CNTD40FT-RTB,29/08/2026 13:55,CNTD40FT,,40FT,5,EXPORT,FULL TRUCKING LOAD (EXP - IMP),PT. Indah Kiat Pulp & Paper - Karawang,,,PLB Karawang,,,DEPO ARROUND PRIOK - PLB KARAWANG (FULL) - 0 - 0,PTR.SQ.1001288,29/08/2026 13:55,5,,,CONFIRM,M. SANDI PRAWIRA,,,
311,SM-D000320,ILS,Tanah Merdeka Petra - Sinarmas,29/08/2026 13:55,F1O0001117 - 49423292,,INDAH KIAT PULP & PAPER TBK.,REGULER TRIP BASIS ( RTB),INDAH KIAT PULP & PAPER TBK.,CNTD40FT-RTB,29/08/2026 13:55,CNTD40FT,,40FT,10,EXPORT,FULL TRUCKING LOAD (EXP - IMP),PT. Indah Kiat Pulp & Paper - Karawang,,,PLB Karawang,,,DEPO ARROUND PRIOK - PLB KARAWANG (FULL) - 0 - 0,PTR.SQ.1001288,29/08/2026 13:55,10,,,CONFIRM,M. SANDI PRAWIRA,,,
312,SM-D000321,ILS,Tanah Merdeka Petra - Sinarmas,29/08/2026 13:55,F1O0001074 - 19294966,,INDAH KIAT PULP & PAPER TBK.,REGULER TRIP BASIS ( RTB),INDAH KIAT PULP & PAPER TBK.,CNTD40FT-RTB,29/08/2026 13:55,CNTD40FT,,40FT,10,EXPORT,FULL TRUCKING LOAD (EXP - IMP),PT. Indah Kiat Pulp & Paper - Karawang,,,PLB Karawang,,,DEPO ARROUND PRIOK - PLB KARAWANG (FULL) - 0 - 0,PTR.SQ.1001288,29/08/2026 13:55,10,,,CONFIRM,M. SANDI PRAWIRA,,,
313,SM-D000322,ILS,Tanah Merdeka Petra - Sinarmas,29/08/2026 13:55,F1O0000558 - JKTG65209300,,INDAH KIAT PULP & PAPER TBK.,REGULER TRIP BASIS ( RTB),INDAH KIAT PULP & PAPER TBK.,CNTD40FT-RTB,29/08/2026 13:55,CNTD40FT,,40FT,2,EXPORT,FULL TRUCKING LOAD (EXP - IMP),PT. Indah Kiat Pulp & Paper - Karawang,,,KOJA,,,KARAWANG (PLB) - PORT TJ PRIOK (FULL) - 0 - 0,PTR.SQ.1001288,29/08/2026 13:55,2,,,CONFIRM,M. SANDI PRAWIRA,,,